Baseline,RCP,Bi-level,Bimodal+Random,Random+RL,GA+RL,Onion+Ra,Onion+RL,SOLO+Ra,SOLO+RL,ROMEN+Ra,ROMEN+RL
0.3568951247165532,0.41077380952380954,0.4295051020408163,0.2608185941043084,0.16020691609977322,0.38242913832199543,0.29712358276643996,0.3458764172335601,0.4034160997732426,0.40454988662131514,0.06666950113378685,0.3699574829931973
