x_val,nn
0.0,1.0
0.023809523809523808,0.8809523809523809
0.047619047619047616,0.7380952380952381
0.07142857142857142,0.5238095238095238
0.09523809523809523,0.3333333333333333
0.11904761904761904,0.2619047619047619
0.14285714285714285,0.21428571428571427
0.16666666666666666,0.14285714285714285
0.16766666666666666,0.0
1.0,0.0
