x_val,y_val
0.0,1.0
0.01,0.8347011117784144
0.02,0.7981034820053451
0.03,0.7534030360583936
0.04,0.6988057880877974
0.07,0.6321205588285588
0.09,0.5506710358827788
0.1,0.4511883639059732
0.11,0.3296799539643612
0.12,0.18126924692201785
1.0,0.0
