x_val,nn
0.0,1.0
0.006329113924050633,0.8417721518987342
0.012658227848101266,0.8354430379746836
0.0189873417721519,0.8227848101265823
0.02531645569620253,0.8164556962025317
0.03164556962025317,0.8037974683544303
0.0379746835443038,0.7974683544303798
0.04430379746835443,0.012658227848101266
0.04530379746835443,0.0
1.0,0.0
