x_val,nn
0.0,1.0
0.02531645569620253,0.8670886075949367
0.03164556962025317,0.8607594936708861
0.0379746835443038,0.8544303797468354
0.04430379746835443,0.8291139240506329
0.05063291139240506,0.4620253164556962
0.056962025316455694,0.43670886075949367
0.06329113924050633,0.43670886075949367
0.06962025316455696,0.43670886075949367
0.0759493670886076,0.43670886075949367
0.08227848101265822,0.43037974683544306
0.21518987341772153,0.4050632911392405
0.22151898734177214,0.23417721518987342
0.22784810126582278,0.23417721518987342
0.310126582278481,0.23417721518987342
0.31645569620253167,0.2088607594936709
0.3227848101265823,0.189873417721519
0.3237848101265823,0.0
1.0,0.0
