x_val,nn
0.0,1.0
0.8954248366013072,0.013071895424836602
0.8964248366013072,0.0
1.0,0.0
