x_val,nn
0.0,1.0
0.006535947712418301,0.9934640522875817
0.013071895424836602,0.9869281045751634
0.0196078431372549,0.9803921568627451
0.026143790849673203,0.9738562091503268
0.032679738562091505,0.9673202614379085
0.0392156862745098,0.9607843137254902
0.0457516339869281,0.954248366013072
0.05228758169934641,0.9477124183006536
0.058823529411764705,0.9411764705882353
0.06535947712418301,0.934640522875817
0.0718954248366013,0.9281045751633987
0.0915032679738562,0.8300653594771242
0.09803921568627451,0.8235294117647058
0.10457516339869281,0.8169934640522876
0.1111111111111111,0.8104575163398693
0.11764705882352941,0.8104575163398693
0.12418300653594772,0.803921568627451
0.13071895424836602,0.7973856209150327
0.13725490196078433,0.7908496732026143
0.1437908496732026,0.7843137254901961
0.1503267973856209,0.7777777777777778
0.1568627450980392,0.6078431372549019
0.16339869281045752,0.6078431372549019
0.16993464052287582,0.6013071895424836
0.17647058823529413,0.6013071895424836
0.1830065359477124,0.5882352941176471
0.1895424836601307,0.5882352941176471
0.19607843137254902,0.5816993464052288
0.20261437908496732,0.5751633986928104
0.20915032679738563,0.5686274509803921
0.21568627450980393,0.3202614379084967
0.2222222222222222,0.3137254901960784
0.22875816993464052,0.3137254901960784
0.23529411764705882,0.3006535947712418
0.24183006535947713,0.3006535947712418
0.3790849673202614,0.3006535947712418
0.38562091503267976,0.24836601307189543
0.39215686274509803,0.23529411764705882
0.39869281045751637,0.23529411764705882
0.40522875816993464,0.23529411764705882
0.4117647058823529,0.19607843137254902
0.4127647058823529,0.0
1.0,0.0
