x_val,nn
0.0,1.0
0.006535947712418301,0.9411764705882353
0.013071895424836602,0.934640522875817
0.0196078431372549,0.9281045751633987
0.026143790849673203,0.9215686274509803
0.032679738562091505,0.9150326797385621
0.0392156862745098,0.8888888888888888
0.0457516339869281,0.8758169934640523
0.05228758169934641,0.869281045751634
0.058823529411764705,0.8627450980392157
0.09803921568627451,0.8496732026143791
0.10457516339869281,0.8496732026143791
0.1111111111111111,0.8431372549019608
0.11764705882352941,0.8366013071895425
0.12418300653594772,0.8300653594771242
0.13071895424836602,0.8235294117647058
0.13725490196078433,0.8169934640522876
0.1437908496732026,0.8104575163398693
0.1503267973856209,0.7973856209150327
0.1568627450980392,0.7712418300653595
0.16339869281045752,0.7647058823529411
0.16993464052287582,0.7581699346405228
0.17647058823529413,0.7516339869281046
0.1830065359477124,0.7320261437908496
0.1895424836601307,0.7124183006535948
0.2549019607843137,0.6993464052287581
0.26143790849673204,0.6928104575163399
0.2679738562091503,0.6862745098039216
0.27450980392156865,0.673202614379085
0.28104575163398693,0.6666666666666666
0.2875816993464052,0.6601307189542484
0.29411764705882354,0.6535947712418301
0.3006535947712418,0.6470588235294118
0.30718954248366015,0.6405228758169934
0.3137254901960784,0.6339869281045751
0.3790849673202614,0.5751633986928104
0.39215686274509803,0.5098039215686274
0.39869281045751637,0.49673202614379086
0.40522875816993464,0.49019607843137253
0.4117647058823529,0.477124183006536
0.41830065359477125,0.47058823529411764
0.42483660130718953,0.46405228758169936
0.43137254901960786,0.45098039215686275
0.43790849673202614,0.4444444444444444
0.4444444444444444,0.35947712418300654
0.45098039215686275,0.33986928104575165
0.45751633986928103,0.33986928104575165
0.46405228758169936,0.3333333333333333
0.5424836601307189,0.3333333333333333
0.5490196078431373,0.3137254901960784
0.5555555555555556,0.20915032679738563
0.5620915032679739,0.20915032679738563
0.5686274509803921,0.20915032679738563
0.5751633986928104,0.20915032679738563
0.5816993464052288,0.20261437908496732
0.5882352941176471,0.1895424836601307
0.5892352941176471,0.0
1.0,0.0
