x_val,nn
0.0,1.0
0.006535947712418301,0.9803921568627451
0.013071895424836602,0.9738562091503268
0.0196078431372549,0.9673202614379085
0.026143790849673203,0.9607843137254902
0.032679738562091505,0.954248366013072
0.0392156862745098,0.9477124183006536
0.0457516339869281,0.9411764705882353
0.0784313725490196,0.9084967320261438
0.11764705882352941,0.6862745098039216
0.12418300653594772,0.6797385620915033
0.13071895424836602,0.6013071895424836
0.13725490196078433,0.6013071895424836
0.1437908496732026,0.6013071895424836
0.1503267973856209,0.5947712418300654
0.1568627450980392,0.39869281045751637
0.16339869281045752,0.39869281045751637
0.16993464052287582,0.39869281045751637
0.17647058823529413,0.39869281045751637
0.1830065359477124,0.39215686274509803
0.1895424836601307,0.38562091503267976
0.19607843137254902,0.38562091503267976
0.26143790849673204,0.38562091503267976
0.2679738562091503,0.30718954248366015
0.27450980392156865,0.30718954248366015
0.28104575163398693,0.3006535947712418
0.2875816993464052,0.3006535947712418
0.29411764705882354,0.29411764705882354
0.3006535947712418,0.26143790849673204
0.30718954248366015,0.26143790849673204
0.3137254901960784,0.26143790849673204
0.3202614379084967,0.2549019607843137
0.32679738562091504,0.2549019607843137
0.3333333333333333,0.24836601307189543
0.33986928104575165,0.24836601307189543
0.3464052287581699,0.24183006535947713
0.35294117647058826,0.19607843137254902
0.35394117647058826,0.0
1.0,0.0
