x_val,nn
0.0,1.0
0.006535947712418301,0.8758169934640523
0.013071895424836602,0.8758169934640523
0.0196078431372549,0.8627450980392157
0.026143790849673203,0.8366013071895425
0.032679738562091505,0.8300653594771242
0.0392156862745098,0.8169934640522876
0.0457516339869281,0.8104575163398693
0.05228758169934641,0.8104575163398693
0.058823529411764705,0.8104575163398693
0.06535947712418301,0.803921568627451
0.0718954248366013,0.7973856209150327
0.0784313725490196,0.7777777777777778
0.08496732026143791,0.7189542483660131
0.0915032679738562,0.7124183006535948
0.1895424836601307,0.7058823529411765
0.19607843137254902,0.6993464052287581
0.20261437908496732,0.6862745098039216
0.23529411764705882,0.6601307189542484
0.24183006535947713,0.6535947712418301
0.24836601307189543,0.6405228758169934
0.2549019607843137,0.6339869281045751
0.26143790849673204,0.6339869281045751
0.2679738562091503,0.6274509803921569
0.3006535947712418,0.6274509803921569
0.30718954248366015,0.5751633986928104
0.3137254901960784,0.3202614379084967
0.3202614379084967,0.3202614379084967
0.32679738562091504,0.2875816993464052
0.3333333333333333,0.2875816993464052
0.33986928104575165,0.2875816993464052
0.3464052287581699,0.2875816993464052
0.35294117647058826,0.2875816993464052
0.35947712418300654,0.2875816993464052
0.3660130718954248,0.2875816993464052
0.37254901960784315,0.28104575163398693
0.3790849673202614,0.28104575163398693
0.38562091503267976,0.27450980392156865
0.39215686274509803,0.27450980392156865
0.39869281045751637,0.27450980392156865
0.40522875816993464,0.26143790849673204
0.4117647058823529,0.26143790849673204
0.49673202614379086,0.26143790849673204
0.5032679738562091,0.19607843137254902
0.5042679738562091,0.0
1.0,0.0
