x_val,nn
0.0,1.0
0.0915032679738562,0.7908496732026143
0.09803921568627451,0.7843137254901961
0.10457516339869281,0.7777777777777778
0.1111111111111111,0.7516339869281046
0.11764705882352941,0.7450980392156863
0.12418300653594772,0.7450980392156863
0.13071895424836602,0.738562091503268
0.13725490196078433,0.7320261437908496
0.1437908496732026,0.7254901960784313
0.1503267973856209,0.7189542483660131
0.1895424836601307,0.6993464052287581
0.23529411764705882,0.6143790849673203
0.24183006535947713,0.6078431372549019
0.24836601307189543,0.6013071895424836
0.2549019607843137,0.5947712418300654
0.26143790849673204,0.5882352941176471
0.2679738562091503,0.5882352941176471
0.27450980392156865,0.5816993464052288
0.28104575163398693,0.5816993464052288
0.2875816993464052,0.5686274509803921
0.29411764705882354,0.5555555555555556
0.39215686274509803,0.49673202614379086
0.39869281045751637,0.49673202614379086
0.40522875816993464,0.49673202614379086
0.4117647058823529,0.49019607843137253
0.41830065359477125,0.48366013071895425
0.42483660130718953,0.477124183006536
0.43137254901960786,0.47058823529411764
0.47058823529411764,0.43137254901960786
0.477124183006536,0.42483660130718953
0.48366013071895425,0.42483660130718953
0.49019607843137253,0.4117647058823529
0.49673202614379086,0.39869281045751637
0.5032679738562091,0.38562091503267976
0.5359477124183006,0.37254901960784315
0.5424836601307189,0.3137254901960784
0.5882352941176471,0.17647058823529413
0.5892352941176471,0.0
1.0,0.0
