x_val,nn
0.0,1.0
0.006535947712418301,0.6797385620915033
0.7908496732026143,0.026143790849673203
0.7918496732026143,0.0
1.0,0.0
