x_val,nn
0.0,1.0
0.006535947712418301,0.6797385620915033
0.013071895424836602,0.6339869281045751
0.0196078431372549,0.5751633986928104
0.026143790849673203,0.5098039215686274
0.032679738562091505,0.48366013071895425
0.0392156862745098,0.4444444444444444
0.0457516339869281,0.39215686274509803
0.05228758169934641,0.3333333333333333
0.058823529411764705,0.026143790849673203
0.059823529411764706,0.0
1.0,0.0
