x_val,nn
0.0,1.0
0.006535947712418301,0.954248366013072
0.05228758169934641,0.934640522875817
0.058823529411764705,0.9084967320261438
0.06535947712418301,0.8823529411764706
0.0718954248366013,0.8496732026143791
0.13071895424836602,0.8366013071895425
0.13725490196078433,0.8104575163398693
0.1437908496732026,0.7908496732026143
0.1503267973856209,0.7712418300653595
0.1568627450980392,0.7581699346405228
0.16339869281045752,0.7450980392156863
0.16993464052287582,0.7254901960784313
0.17647058823529413,0.7124183006535948
0.1830065359477124,0.6797385620915033
0.1895424836601307,0.6535947712418301
0.19607843137254902,0.6339869281045751
0.20261437908496732,0.6209150326797386
0.20915032679738563,0.6013071895424836
0.21568627450980393,0.5882352941176471
0.2222222222222222,0.5751633986928104
0.22875816993464052,0.5620915032679739
0.23529411764705882,0.5555555555555556
0.24183006535947713,0.5228758169934641
0.24836601307189543,0.48366013071895425
0.2549019607843137,0.48366013071895425
0.26143790849673204,0.45751633986928103
0.2679738562091503,0.45751633986928103
0.27450980392156865,0.4444444444444444
0.5163398692810458,0.4444444444444444
0.5228758169934641,0.42483660130718953
0.5294117647058824,0.40522875816993464
0.5359477124183006,0.37254901960784315
0.5424836601307189,0.3464052287581699
0.5490196078431373,0.3006535947712418
0.5555555555555556,0.3006535947712418
0.6470588235294118,0.3006535947712418
0.6535947712418301,0.28104575163398693
0.6601307189542484,0.1895424836601307
0.6611307189542484,0.0
1.0,0.0
