x_val,nn
0.0,1.0
0.006535947712418301,0.9607843137254902
0.013071895424836602,0.9477124183006536
0.0196078431372549,0.9281045751633987
0.026143790849673203,0.8758169934640523
0.032679738562091505,0.8496732026143791
0.0392156862745098,0.8496732026143791
0.0457516339869281,0.8300653594771242
0.05228758169934641,0.8104575163398693
0.058823529411764705,0.7843137254901961
0.06535947712418301,0.7712418300653595
0.0718954248366013,0.7516339869281046
0.0784313725490196,0.7189542483660131
0.08496732026143791,0.6928104575163399
0.0915032679738562,0.6666666666666666
0.09803921568627451,0.6405228758169934
0.10457516339869281,0.6405228758169934
0.1111111111111111,0.6405228758169934
0.11764705882352941,0.6143790849673203
0.12418300653594772,0.5882352941176471
0.13071895424836602,0.5751633986928104
0.13725490196078433,0.5490196078431373
0.1437908496732026,0.5228758169934641
0.1503267973856209,0.5098039215686274
0.48366013071895425,0.49673202614379086
0.49019607843137253,0.45098039215686275
0.5032679738562091,0.45098039215686275
0.5098039215686274,0.42483660130718953
0.5424836601307189,0.42483660130718953
0.5490196078431373,0.32679738562091504
0.5555555555555556,0.32679738562091504
0.5620915032679739,0.32679738562091504
0.5686274509803921,0.2222222222222222
0.5751633986928104,0.2222222222222222
0.5816993464052288,0.2222222222222222
0.5882352941176471,0.1895424836601307
0.5892352941176471,0.0
1.0,0.0
