x_val,nn
0.0,1.0
0.006535947712418301,0.869281045751634
0.013071895424836602,0.8562091503267973
0.0196078431372549,0.8431372549019608
0.026143790849673203,0.8366013071895425
0.032679738562091505,0.8235294117647058
0.0392156862745098,0.8104575163398693
0.8954248366013072,0.013071895424836602
0.8964248366013072,0.0
1.0,0.0
