x_val,nn
0.0,1.0
0.869281045751634,0.0196078431372549
0.870281045751634,0.0
1.0,0.0
