x_val,nn
0.0,1.0
0.006535947712418301,0.8562091503267973
0.013071895424836602,0.8431372549019608
0.8888888888888888,0.013071895424836602
0.8898888888888888,0.0
1.0,0.0
