x_val,nn
0.0,1.0
0.006535947712418301,0.8300653594771242
0.013071895424836602,0.8169934640522876
0.0196078431372549,0.803921568627451
0.026143790849673203,0.7973856209150327
0.032679738562091505,0.7908496732026143
0.0392156862745098,0.7777777777777778
0.0457516339869281,0.7712418300653595
0.05228758169934641,0.7581699346405228
0.058823529411764705,0.7254901960784313
0.8888888888888888,0.013071895424836602
0.8898888888888888,0.0
1.0,0.0
