x_val,nn
0.0,1.0
0.0915032679738562,0.7908496732026143
0.1503267973856209,0.7320261437908496
0.2679738562091503,0.7320261437908496
0.30718954248366015,0.6797385620915033
0.3137254901960784,0.6143790849673203
0.38562091503267976,0.5490196078431373
0.4444444444444444,0.49019607843137253
0.45098039215686275,0.38562091503267976
0.5294117647058824,0.38562091503267976
0.5947712418300654,0.3202614379084967
0.6143790849673203,0.1895424836601307
0.6153790849673203,0.0
1.0,0.0
