x_val,nn
0.0,1.0
0.006535947712418301,0.7908496732026143
0.013071895424836602,0.7320261437908496
0.2222222222222222,0.7320261437908496
0.22875816993464052,0.6797385620915033
0.23529411764705882,0.6143790849673203
0.24183006535947713,0.5490196078431373
0.24836601307189543,0.49019607843137253
0.2549019607843137,0.38562091503267976
0.26143790849673204,0.38562091503267976
0.2679738562091503,0.3202614379084967
0.27450980392156865,0.1895424836601307
0.27550980392156865,0.0
1.0,0.0
