x_val,nn
0.0,1.0
0.006535947712418301,0.7908496732026143
0.013071895424836602,0.7320261437908496
0.0196078431372549,0.7320261437908496
0.026143790849673203,0.6797385620915033
0.29411764705882354,0.6143790849673203
0.3006535947712418,0.5490196078431373
0.30718954248366015,0.49019607843137253
0.3137254901960784,0.38562091503267976
0.3202614379084967,0.3202614379084967
0.32679738562091504,0.1895424836601307
0.32779738562091504,0.0
1.0,0.0
