x_val,nn
0.0,1.0
0.006535947712418301,0.7908496732026143
0.24836601307189543,0.7320261437908496
0.2549019607843137,0.6797385620915033
0.26143790849673204,0.6143790849673203
0.2679738562091503,0.5490196078431373
0.27450980392156865,0.49019607843137253
0.28104575163398693,0.38562091503267976
0.2875816993464052,0.38562091503267976
0.29411764705882354,0.3202614379084967
0.3006535947712418,0.1895424836601307
0.3016535947712418,0.0
1.0,0.0
