x_val,nn
0.0,1.0
0.006535947712418301,0.9934640522875817
0.013071895424836602,0.9738562091503268
0.0196078431372549,0.9477124183006536
0.026143790849673203,0.8954248366013072
0.032679738562091505,0.8823529411764706
0.0392156862745098,0.8627450980392157
0.0457516339869281,0.8431372549019608
0.05228758169934641,0.8235294117647058
0.058823529411764705,0.803921568627451
0.1568627450980392,0.7516339869281046
0.16339869281045752,0.7516339869281046
0.16993464052287582,0.7450980392156863
0.17647058823529413,0.7058823529411765
0.1830065359477124,0.6993464052287581
0.1895424836601307,0.6797385620915033
0.19607843137254902,0.673202614379085
0.20261437908496732,0.6470588235294118
0.20915032679738563,0.49673202614379086
0.21568627450980393,0.48366013071895425
0.2222222222222222,0.4444444444444444
0.22875816993464052,0.23529411764705882
0.5098039215686274,0.23529411764705882
0.5163398692810458,0.23529411764705882
0.5294117647058824,0.23529411764705882
0.5359477124183006,0.11764705882352941
0.5369477124183006,0.0
1.0,0.0
