x_val,nn
0.0,1.0
0.006535947712418301,0.9607843137254902
0.0457516339869281,0.954248366013072
0.05228758169934641,0.9215686274509803
0.058823529411764705,0.9150326797385621
0.06535947712418301,0.9084967320261438
0.08496732026143791,0.8888888888888888
0.0915032679738562,0.8823529411764706
0.09803921568627451,0.869281045751634
0.10457516339869281,0.8627450980392157
0.1111111111111111,0.803921568627451
0.11764705882352941,0.7973856209150327
0.12418300653594772,0.42483660130718953
0.13071895424836602,0.41830065359477125
0.13725490196078433,0.41830065359477125
0.1437908496732026,0.40522875816993464
0.1503267973856209,0.33986928104575165
0.1568627450980392,0.33986928104575165
0.16339869281045752,0.33986928104575165
0.16993464052287582,0.33986928104575165
0.29411764705882354,0.33986928104575165
0.3006535947712418,0.33986928104575165
0.30718954248366015,0.33986928104575165
0.3137254901960784,0.21568627450980393
0.3202614379084967,0.21568627450980393
0.32679738562091504,0.19607843137254902
0.32779738562091504,0.0
1.0,0.0
