x_val,nn
0.0,1.0
0.006535947712418301,0.7908496732026143
0.13071895424836602,0.7320261437908496
0.13725490196078433,0.7320261437908496
0.1437908496732026,0.6797385620915033
0.27450980392156865,0.6143790849673203
0.28104575163398693,0.5490196078431373
0.2875816993464052,0.49019607843137253
0.29411764705882354,0.38562091503267976
0.3006535947712418,0.38562091503267976
0.30718954248366015,0.3202614379084967
0.3137254901960784,0.1895424836601307
0.31472549019607843,0.0
1.0,0.0
