x_val,nn
0.0,1.0
0.006535947712418301,0.7908496732026143
0.013071895424836602,0.7320261437908496
0.0196078431372549,0.7320261437908496
0.026143790849673203,0.6797385620915033
0.32679738562091504,0.6143790849673203
0.39215686274509803,0.5490196078431373
0.39869281045751637,0.49019607843137253
0.40522875816993464,0.38562091503267976
0.4117647058823529,0.3202614379084967
0.41830065359477125,0.1895424836601307
0.41930065359477126,0.0
1.0,0.0
