x_val,nn
0.0,1.0
0.006535947712418301,0.7908496732026143
0.013071895424836602,0.7320261437908496
0.0196078431372549,0.7320261437908496
0.24183006535947713,0.6797385620915033
0.24836601307189543,0.6143790849673203
0.35294117647058826,0.5490196078431373
0.4117647058823529,0.49019607843137253
0.41830065359477125,0.38562091503267976
0.42483660130718953,0.3202614379084967
0.43137254901960786,0.1895424836601307
0.43237254901960787,0.0
1.0,0.0
