x_val,nn
0.0,1.0
0.006535947712418301,0.9607843137254902
0.013071895424836602,0.9411764705882353
0.0196078431372549,0.9150326797385621
0.026143790849673203,0.8823529411764706
0.032679738562091505,0.8496732026143791
0.0392156862745098,0.8496732026143791
0.0457516339869281,0.8235294117647058
0.05228758169934641,0.803921568627451
0.058823529411764705,0.7843137254901961
0.06535947712418301,0.7712418300653595
0.0718954248366013,0.7516339869281046
0.0784313725490196,0.7320261437908496
0.08496732026143791,0.7058823529411765
0.0915032679738562,0.6928104575163399
0.09803921568627451,0.673202614379085
0.10457516339869281,0.6535947712418301
0.1111111111111111,0.6405228758169934
0.11764705882352941,0.6209150326797386
0.3660130718954248,0.6013071895424836
0.39215686274509803,0.5751633986928104
0.39869281045751637,0.5686274509803921
0.40522875816993464,0.5490196078431373
0.4117647058823529,0.5359477124183006
0.41830065359477125,0.5163398692810458
0.42483660130718953,0.49019607843137253
0.43137254901960786,0.46405228758169936
0.43790849673202614,0.46405228758169936
0.4444444444444444,0.45098039215686275
0.45098039215686275,0.42483660130718953
0.45751633986928103,0.40522875816993464
0.46405228758169936,0.38562091503267976
0.5555555555555556,0.37254901960784315
0.5620915032679739,0.3333333333333333
0.5686274509803921,0.3137254901960784
0.5751633986928104,0.20915032679738563
0.5816993464052288,0.1437908496732026
0.5826993464052288,0.0
1.0,0.0
