x_val,nn
0.0,1.0
0.006535947712418301,0.9477124183006536
0.013071895424836602,0.9215686274509803
0.0196078431372549,0.8954248366013072
0.026143790849673203,0.8758169934640523
0.032679738562091505,0.8562091503267973
0.0392156862745098,0.8300653594771242
0.0457516339869281,0.8169934640522876
0.05228758169934641,0.803921568627451
0.058823529411764705,0.7843137254901961
0.20915032679738563,0.7450980392156863
0.21568627450980393,0.7450980392156863
0.2222222222222222,0.7254901960784313
0.22875816993464052,0.6993464052287581
0.23529411764705882,0.6862745098039216
0.24183006535947713,0.6339869281045751
0.24836601307189543,0.6078431372549019
0.2549019607843137,0.5816993464052288
0.26143790849673204,0.5490196078431373
0.2679738562091503,0.5490196078431373
0.41830065359477125,0.5490196078431373
0.43137254901960786,0.5359477124183006
0.43790849673202614,0.5228758169934641
0.4444444444444444,0.5032679738562091
0.45098039215686275,0.49019607843137253
0.45751633986928103,0.47058823529411764
0.46405228758169936,0.45098039215686275
0.47058823529411764,0.42483660130718953
0.477124183006536,0.42483660130718953
0.48366013071895425,0.40522875816993464
0.49019607843137253,0.37254901960784315
0.49673202614379086,0.35294117647058826
0.5032679738562091,0.3202614379084967
0.5098039215686274,0.2875816993464052
0.6470588235294118,0.2549019607843137
0.6535947712418301,0.24183006535947713
0.6601307189542484,0.16339869281045752
0.6611307189542484,0.0
1.0,0.0
