x_val,nn
0.0,1.0
0.006535947712418301,0.9607843137254902
0.013071895424836602,0.934640522875817
0.0196078431372549,0.9215686274509803
0.026143790849673203,0.8888888888888888
0.032679738562091505,0.8627450980392157
0.0392156862745098,0.8431372549019608
0.0457516339869281,0.8300653594771242
0.05228758169934641,0.8169934640522876
0.058823529411764705,0.803921568627451
0.06535947712418301,0.7647058823529411
0.0718954248366013,0.738562091503268
0.2549019607843137,0.7124183006535948
0.26143790849673204,0.6928104575163399
0.2679738562091503,0.6470588235294118
0.27450980392156865,0.6470588235294118
0.28104575163398693,0.6274509803921569
0.2875816993464052,0.6274509803921569
0.29411764705882354,0.6143790849673203
0.3006535947712418,0.6013071895424836
0.30718954248366015,0.5751633986928104
0.3137254901960784,0.5490196078431373
0.3202614379084967,0.5163398692810458
0.32679738562091504,0.49673202614379086
0.3333333333333333,0.48366013071895425
0.33986928104575165,0.45098039215686275
0.3464052287581699,0.45098039215686275
0.49673202614379086,0.42483660130718953
0.5032679738562091,0.39869281045751637
0.5359477124183006,0.3790849673202614
0.5424836601307189,0.35947712418300654
0.5490196078431373,0.3333333333333333
0.6078431372549019,0.30718954248366015
0.673202614379085,0.24183006535947713
0.6797385620915033,0.05228758169934641
0.6807385620915033,0.0
1.0,0.0
