x_val,nn
0.0,1.0
0.013071895424836602,0.9673202614379085
0.0196078431372549,0.954248366013072
0.026143790849673203,0.9215686274509803
0.032679738562091505,0.8888888888888888
0.0392156862745098,0.8627450980392157
0.0457516339869281,0.8431372549019608
0.05228758169934641,0.8169934640522876
0.058823529411764705,0.7777777777777778
0.06535947712418301,0.7777777777777778
0.0718954248366013,0.7516339869281046
0.0784313725490196,0.7254901960784313
0.08496732026143791,0.6993464052287581
0.0915032679738562,0.6797385620915033
0.09803921568627451,0.6535947712418301
0.10457516339869281,0.6339869281045751
0.1111111111111111,0.6339869281045751
0.11764705882352941,0.6078431372549019
0.12418300653594772,0.6013071895424836
0.13071895424836602,0.5947712418300654
0.13725490196078433,0.5816993464052288
0.1437908496732026,0.5620915032679739
0.1503267973856209,0.5098039215686274
0.1568627450980392,0.49019607843137253
0.16339869281045752,0.49019607843137253
0.16993464052287582,0.49019607843137253
0.17647058823529413,0.4444444444444444
0.1830065359477124,0.42483660130718953
0.1895424836601307,0.42483660130718953
0.19607843137254902,0.39215686274509803
0.5555555555555556,0.39215686274509803
0.5620915032679739,0.37254901960784315
0.5686274509803921,0.3464052287581699
0.5751633986928104,0.3137254901960784
0.5816993464052288,0.28104575163398693
0.5882352941176471,0.26143790849673204
0.5947712418300654,0.2222222222222222
0.6013071895424836,0.20915032679738563
0.7516339869281046,0.16993464052287582
0.7526339869281046,0.0
1.0,0.0
