x_val,nn
0.0,1.0
0.006535947712418301,0.8300653594771242
0.013071895424836602,0.0196078431372549
0.0140718954248366,0.0
1.0,0.0
