x_val,nn
0.0,1.0
0.006535947712418301,0.7973856209150327
0.013071895424836602,0.7908496732026143
0.0196078431372549,0.7777777777777778
0.026143790849673203,0.7712418300653595
0.032679738562091505,0.7581699346405228
0.0392156862745098,0.7516339869281046
0.0457516339869281,0.738562091503268
0.05228758169934641,0.673202614379085
0.058823529411764705,0.6666666666666666
0.06535947712418301,0.6535947712418301
0.0718954248366013,0.6339869281045751
0.0784313725490196,0.6013071895424836
0.08496732026143791,0.5947712418300654
0.0915032679738562,0.5816993464052288
0.09803921568627451,0.5620915032679739
0.10457516339869281,0.49019607843137253
0.1111111111111111,0.45098039215686275
0.11764705882352941,0.43790849673202614
0.12418300653594772,0.43790849673202614
0.13071895424836602,0.42483660130718953
0.13725490196078433,0.13071895424836602
0.13825490196078433,0.0
1.0,0.0
