x_val,nn
0.0,1.0
0.006535947712418301,0.7908496732026143
0.12418300653594772,0.7320261437908496
0.17647058823529413,0.7320261437908496
0.1830065359477124,0.6797385620915033
0.1895424836601307,0.6143790849673203
0.19607843137254902,0.5490196078431373
0.20261437908496732,0.49019607843137253
0.20915032679738563,0.38562091503267976
0.21568627450980393,0.38562091503267976
0.2222222222222222,0.3202614379084967
0.22875816993464052,0.1895424836601307
0.22975816993464052,0.0
1.0,0.0
