x_val,nn
0.0,1.0
0.006535947712418301,0.9934640522875817
0.013071895424836602,0.9673202614379085
0.0196078431372549,0.934640522875817
0.026143790849673203,0.9019607843137255
0.032679738562091505,0.8954248366013072
0.0392156862745098,0.8888888888888888
0.0457516339869281,0.8562091503267973
0.05228758169934641,0.8431372549019608
0.058823529411764705,0.803921568627451
0.06535947712418301,0.7712418300653595
0.0718954248366013,0.7647058823529411
0.0784313725490196,0.7647058823529411
0.08496732026143791,0.7581699346405228
0.0915032679738562,0.7254901960784313
0.09803921568627451,0.7189542483660131
0.10457516339869281,0.5424836601307189
0.2222222222222222,0.35294117647058826
0.24836601307189543,0.35294117647058826
0.2549019607843137,0.35294117647058826
0.26143790849673204,0.24183006535947713
0.2679738562091503,0.24183006535947713
0.27450980392156865,0.24183006535947713
0.5947712418300654,0.24183006535947713
0.6470588235294118,0.1895424836601307
0.6480588235294118,0.0
1.0,0.0
