x_val,nn
0.0,1.0
0.006535947712418301,0.9934640522875817
0.013071895424836602,0.9215686274509803
0.0196078431372549,0.8888888888888888
0.026143790849673203,0.8627450980392157
0.032679738562091505,0.8562091503267973
0.0392156862745098,0.8366013071895425
0.0457516339869281,0.7973856209150327
0.05228758169934641,0.7908496732026143
0.058823529411764705,0.7843137254901961
0.17647058823529413,0.6013071895424836
0.1830065359477124,0.6013071895424836
0.1895424836601307,0.5359477124183006
0.19607843137254902,0.5228758169934641
0.20261437908496732,0.5032679738562091
0.20915032679738563,0.2549019607843137
0.21568627450980393,0.2549019607843137
0.2222222222222222,0.2549019607843137
0.22875816993464052,0.1437908496732026
0.22975816993464052,0.0
1.0,0.0
