x_val,nn
0.0,1.0
0.005076142131979695,0.868020304568528
0.01015228426395939,0.8578680203045685
0.015228426395939087,0.8375634517766497
0.8984771573604061,0.01015228426395939
0.8994771573604061,0.0
1.0,0.0
