x_val,nn
0.0,1.0
0.006535947712418301,0.8366013071895425
0.013071895424836602,0.8169934640522876
0.0196078431372549,0.803921568627451
0.026143790849673203,0.7843137254901961
0.032679738562091505,0.7581699346405228
0.0392156862745098,0.7254901960784313
0.0457516339869281,0.6862745098039216
0.05228758169934641,0.6797385620915033
0.058823529411764705,0.6666666666666666
0.06535947712418301,0.6535947712418301
0.8627450980392157,0.0196078431372549
0.8637450980392157,0.0
1.0,0.0
