x_val,nn
0.0,1.0
0.006535947712418301,0.7908496732026143
0.013071895424836602,0.7320261437908496
0.0196078431372549,0.7320261437908496
0.026143790849673203,0.6797385620915033
0.2875816993464052,0.6143790849673203
0.32679738562091504,0.5490196078431373
0.3333333333333333,0.49019607843137253
0.33986928104575165,0.38562091503267976
0.3464052287581699,0.38562091503267976
0.35294117647058826,0.3202614379084967
0.35947712418300654,0.1895424836601307
0.36047712418300654,0.0
1.0,0.0
