x_val,nn
0.0,1.0
0.006535947712418301,0.7908496732026143
0.13725490196078433,0.7320261437908496
0.1437908496732026,0.7320261437908496
0.1503267973856209,0.6797385620915033
0.1568627450980392,0.6143790849673203
0.16339869281045752,0.5490196078431373
0.16993464052287582,0.49019607843137253
0.17647058823529413,0.38562091503267976
0.1830065359477124,0.38562091503267976
0.1895424836601307,0.3202614379084967
0.19607843137254902,0.1895424836601307
0.19707843137254902,0.0
1.0,0.0
