x_val,nn
0.0,1.0
0.006535947712418301,0.6797385620915033
0.013071895424836602,0.6339869281045751
0.0196078431372549,0.5751633986928104
0.026143790849673203,0.026143790849673203
0.027143790849673204,0.0
1.0,0.0
