x_val,nn
0.0,1.0
0.006535947712418301,0.026143790849673203
0.007535947712418301,0.0
1.0,0.0
