x_val,nn
0.0,1.0
0.006535947712418301,0.954248366013072
0.013071895424836602,0.9281045751633987
0.0196078431372549,0.9019607843137255
0.026143790849673203,0.8758169934640523
0.10457516339869281,0.8627450980392157
0.1111111111111111,0.8300653594771242
0.11764705882352941,0.8104575163398693
0.12418300653594772,0.803921568627451
0.13071895424836602,0.7843137254901961
0.13725490196078433,0.7712418300653595
0.1437908496732026,0.7450980392156863
0.1503267973856209,0.7189542483660131
0.1568627450980392,0.7058823529411765
0.16339869281045752,0.6928104575163399
0.16993464052287582,0.6666666666666666
0.17647058823529413,0.6274509803921569
0.32679738562091504,0.6274509803921569
0.3333333333333333,0.6143790849673203
0.33986928104575165,0.5294117647058824
0.3464052287581699,0.5294117647058824
0.35294117647058826,0.5163398692810458
0.35947712418300654,0.5163398692810458
0.3660130718954248,0.49019607843137253
0.4444444444444444,0.49019607843137253
0.45098039215686275,0.47058823529411764
0.45751633986928103,0.45098039215686275
0.46405228758169936,0.42483660130718953
0.47058823529411764,0.41830065359477125
0.5228758169934641,0.40522875816993464
0.5294117647058824,0.37254901960784315
0.5359477124183006,0.3464052287581699
0.5424836601307189,0.3464052287581699
0.5490196078431373,0.30718954248366015
0.5555555555555556,0.30718954248366015
0.5620915032679739,0.26143790849673204
0.5686274509803921,0.1895424836601307
0.5696274509803921,0.0
1.0,0.0
