x_val,nn
0.0,1.0
0.006535947712418301,0.9607843137254902
0.013071895424836602,0.9281045751633987
0.0196078431372549,0.9019607843137255
0.1111111111111111,0.8627450980392157
0.11764705882352941,0.8431372549019608
0.12418300653594772,0.8300653594771242
0.13071895424836602,0.8169934640522876
0.13725490196078433,0.8104575163398693
0.1437908496732026,0.7908496732026143
0.1503267973856209,0.7712418300653595
0.22875816993464052,0.7450980392156863
0.23529411764705882,0.7320261437908496
0.24183006535947713,0.6993464052287581
0.24836601307189543,0.6797385620915033
0.2549019607843137,0.6601307189542484
0.26143790849673204,0.6405228758169934
0.2679738562091503,0.6274509803921569
0.27450980392156865,0.6274509803921569
0.28104575163398693,0.6143790849673203
0.2875816993464052,0.5947712418300654
0.29411764705882354,0.5947712418300654
0.4117647058823529,0.5555555555555556
0.42483660130718953,0.5424836601307189
0.43137254901960786,0.5098039215686274
0.43790849673202614,0.47058823529411764
0.4444444444444444,0.47058823529411764
0.45098039215686275,0.4444444444444444
0.45751633986928103,0.41830065359477125
0.5555555555555556,0.4117647058823529
0.5816993464052288,0.38562091503267976
0.5882352941176471,0.32679738562091504
0.5947712418300654,0.29411764705882354
0.6013071895424836,0.29411764705882354
0.6078431372549019,0.26143790849673204
0.6143790849673203,0.26143790849673204
0.6209150326797386,0.26143790849673204
0.6274509803921569,0.26143790849673204
0.6339869281045751,0.20261437908496732
0.6405228758169934,0.16339869281045752
0.6415228758169934,0.0
1.0,0.0
