x_val,nn
0.0,1.0
0.006535947712418301,0.9673202614379085
0.013071895424836602,0.954248366013072
0.0196078431372549,0.9281045751633987
0.026143790849673203,0.8888888888888888
0.032679738562091505,0.8627450980392157
0.13725490196078433,0.8431372549019608
0.1437908496732026,0.8169934640522876
0.1503267973856209,0.803921568627451
0.1568627450980392,0.7843137254901961
0.16339869281045752,0.7712418300653595
0.22875816993464052,0.7450980392156863
0.23529411764705882,0.7320261437908496
0.24183006535947713,0.6928104575163399
0.24836601307189543,0.6928104575163399
0.2549019607843137,0.6797385620915033
0.26143790849673204,0.6601307189542484
0.2679738562091503,0.6209150326797386
0.27450980392156865,0.5751633986928104
0.28104575163398693,0.5555555555555556
0.2875816993464052,0.5555555555555556
0.29411764705882354,0.5555555555555556
0.3006535947712418,0.5424836601307189
0.30718954248366015,0.5228758169934641
0.3137254901960784,0.5032679738562091
0.3202614379084967,0.43137254901960786
0.5098039215686274,0.43137254901960786
0.5424836601307189,0.39869281045751637
0.5490196078431373,0.39869281045751637
0.5555555555555556,0.38562091503267976
0.5620915032679739,0.3333333333333333
0.5686274509803921,0.22875816993464052
0.5751633986928104,0.22875816993464052
0.5816993464052288,0.22875816993464052
0.6928104575163399,0.22875816993464052
0.6993464052287581,0.2222222222222222
0.7058823529411765,0.20915032679738563
0.7124183006535948,0.0915032679738562
0.7134183006535948,0.0
1.0,0.0
