x_val,nn
0.0,1.0
0.8758169934640523,0.013071895424836602
0.8768169934640523,0.0
1.0,0.0
