x_val,nn
0.0,1.0
0.006535947712418301,0.8562091503267973
0.013071895424836602,0.8366013071895425
0.0196078431372549,0.8300653594771242
0.8954248366013072,0.013071895424836602
0.8964248366013072,0.0
1.0,0.0
