x_val,nn
0.0,1.0
0.8823529411764706,0.0196078431372549
0.8833529411764706,0.0
1.0,0.0
