x_val,nn
0.0,1.0
0.8496732026143791,0.026143790849673203
0.8506732026143791,0.0
1.0,0.0
