x_val,nn
0.0,1.0
0.006535947712418301,0.803921568627451
0.8431372549019608,0.026143790849673203
0.8441372549019608,0.0
1.0,0.0
