x_val,nn
0.0,1.0
0.006535947712418301,0.8169934640522876
0.013071895424836602,0.8104575163398693
0.0196078431372549,0.7973856209150327
0.026143790849673203,0.7712418300653595
0.032679738562091505,0.738562091503268
0.8888888888888888,0.013071895424836602
0.8898888888888888,0.0
1.0,0.0
