x_val,nn
0.0,1.0
0.006535947712418301,0.8562091503267973
0.013071895424836602,0.8235294117647058
0.0196078431372549,0.8169934640522876
0.8823529411764706,0.0196078431372549
0.8833529411764706,0.0
1.0,0.0
