x_val,nn
0.0,1.0
0.006535947712418301,0.7908496732026143
0.013071895424836602,0.7320261437908496
0.0196078431372549,0.7320261437908496
0.026143790849673203,0.6797385620915033
0.032679738562091505,0.6143790849673203
0.0392156862745098,0.5490196078431373
0.0457516339869281,0.49019607843137253
0.05228758169934641,0.38562091503267976
0.058823529411764705,0.38562091503267976
0.06535947712418301,0.3202614379084967
0.0718954248366013,0.1111111111111111
0.0728954248366013,0.0
1.0,0.0
