x_val,nn
0.0,1.0
0.006535947712418301,0.9738562091503268
0.013071895424836602,0.9673202614379085
0.0196078431372549,0.9477124183006536
0.032679738562091505,0.9411764705882353
0.06535947712418301,0.8758169934640523
0.0718954248366013,0.8300653594771242
0.0784313725490196,0.8235294117647058
0.08496732026143791,0.8169934640522876
0.0915032679738562,0.7777777777777778
0.09803921568627451,0.7712418300653595
0.10457516339869281,0.7254901960784313
0.24836601307189543,0.6928104575163399
0.2549019607843137,0.6862745098039216
0.26143790849673204,0.6405228758169934
0.2679738562091503,0.4444444444444444
0.27450980392156865,0.38562091503267976
0.28104575163398693,0.38562091503267976
0.2875816993464052,0.38562091503267976
0.29411764705882354,0.3790849673202614
0.3006535947712418,0.3790849673202614
0.30718954248366015,0.2222222222222222
0.3137254901960784,0.2222222222222222
0.3202614379084967,0.2222222222222222
0.32679738562091504,0.2222222222222222
0.3333333333333333,0.17647058823529413
0.3343333333333333,0.0
1.0,0.0
