x_val,nn
0.0,1.0
0.006535947712418301,0.9934640522875817
0.013071895424836602,0.9869281045751634
0.0196078431372549,0.954248366013072
0.026143790849673203,0.9477124183006536
0.032679738562091505,0.9411764705882353
0.0392156862745098,0.8888888888888888
0.0457516339869281,0.8823529411764706
0.05228758169934641,0.5032679738562091
0.058823529411764705,0.5032679738562091
0.06535947712418301,0.40522875816993464
0.0718954248366013,0.37254901960784315
0.0784313725490196,0.35947712418300654
0.08496732026143791,0.35947712418300654
0.0915032679738562,0.35947712418300654
0.09803921568627451,0.35947712418300654
0.10457516339869281,0.35947712418300654
0.1111111111111111,0.30718954248366015
0.11764705882352941,0.30718954248366015
0.12418300653594772,0.20261437908496732
0.13071895424836602,0.17647058823529413
0.13171895424836602,0.0
1.0,0.0
