x_val,nn
0.0,1.0
0.006535947712418301,0.9673202614379085
0.013071895424836602,0.954248366013072
0.0196078431372549,0.9477124183006536
0.026143790849673203,0.9281045751633987
0.032679738562091505,0.9215686274509803
0.0392156862745098,0.9084967320261438
0.06535947712418301,0.9019607843137255
0.0718954248366013,0.803921568627451
0.0784313725490196,0.803921568627451
0.08496732026143791,0.6013071895424836
0.0915032679738562,0.6013071895424836
0.09803921568627451,0.49673202614379086
0.10457516339869281,0.48366013071895425
0.1111111111111111,0.47058823529411764
0.11764705882352941,0.47058823529411764
0.12418300653594772,0.47058823529411764
0.13071895424836602,0.41830065359477125
0.5098039215686274,0.1895424836601307
0.5108039215686274,0.0
1.0,0.0
