x_val,nn
0.0,1.0
0.006535947712418301,0.954248366013072
0.013071895424836602,0.9477124183006536
0.0196078431372549,0.9411764705882353
0.026143790849673203,0.9215686274509803
0.032679738562091505,0.9084967320261438
0.0392156862745098,0.8758169934640523
0.0457516339869281,0.8627450980392157
0.05228758169934641,0.6601307189542484
0.23529411764705882,0.5555555555555556
0.24183006535947713,0.5555555555555556
0.24836601307189543,0.5490196078431373
0.2549019607843137,0.5424836601307189
0.26143790849673204,0.5424836601307189
0.2679738562091503,0.3464052287581699
0.27450980392156865,0.26143790849673204
0.28104575163398693,0.26143790849673204
0.2875816993464052,0.26143790849673204
0.29411764705882354,0.26143790849673204
0.3006535947712418,0.17647058823529413
0.3016535947712418,0.0
1.0,0.0
