x_val,nn
0.0,1.0
0.006535947712418301,0.9477124183006536
0.013071895424836602,0.9411764705882353
0.0196078431372549,0.934640522875817
0.026143790849673203,0.9281045751633987
0.032679738562091505,0.9150326797385621
0.0392156862745098,0.9084967320261438
0.0457516339869281,0.8366013071895425
0.05228758169934641,0.8300653594771242
0.058823529411764705,0.8235294117647058
0.06535947712418301,0.8169934640522876
0.0718954248366013,0.7450980392156863
0.13725490196078433,0.7320261437908496
0.1437908496732026,0.7254901960784313
0.1503267973856209,0.5620915032679739
0.1568627450980392,0.43137254901960786
0.16339869281045752,0.43137254901960786
0.16993464052287582,0.43137254901960786
0.17647058823529413,0.42483660130718953
0.1830065359477124,0.20915032679738563
0.1895424836601307,0.20915032679738563
0.19607843137254902,0.20915032679738563
0.20261437908496732,0.20915032679738563
0.20915032679738563,0.1895424836601307
0.21015032679738563,0.0
1.0,0.0
