x_val,nn
0.0,1.0
0.006535947712418301,0.9934640522875817
0.013071895424836602,0.9477124183006536
0.0196078431372549,0.9411764705882353
0.026143790849673203,0.9215686274509803
0.032679738562091505,0.9019607843137255
0.0392156862745098,0.8758169934640523
0.0457516339869281,0.8627450980392157
0.05228758169934641,0.8104575163398693
0.058823529411764705,0.7908496732026143
0.06535947712418301,0.7843137254901961
0.0718954248366013,0.7581699346405228
0.0784313725490196,0.7254901960784313
0.08496732026143791,0.39215686274509803
0.0915032679738562,0.39215686274509803
0.09803921568627451,0.37254901960784315
0.10457516339869281,0.28104575163398693
0.1111111111111111,0.24183006535947713
0.11764705882352941,0.24183006535947713
0.12418300653594772,0.24183006535947713
0.13071895424836602,0.24183006535947713
0.13725490196078433,0.24183006535947713
0.1437908496732026,0.24183006535947713
0.1503267973856209,0.24183006535947713
0.3202614379084967,0.24183006535947713
0.32679738562091504,0.24183006535947713
0.3333333333333333,0.24183006535947713
0.33986928104575165,0.24183006535947713
0.3464052287581699,0.24183006535947713
0.35294117647058826,0.1437908496732026
0.35394117647058826,0.0
1.0,0.0
