x_val,nn
0.0,1.0
0.006329113924050633,0.9936708860759493
0.012658227848101266,0.9873417721518988
0.0189873417721519,0.9683544303797469
0.0379746835443038,0.9620253164556962
0.04430379746835443,0.930379746835443
0.05063291139240506,0.9240506329113924
0.056962025316455694,0.9177215189873418
0.08860759493670886,0.9113924050632911
0.0949367088607595,0.9050632911392406
0.10126582278481013,0.8987341772151899
0.10759493670886076,0.8354430379746836
0.11392405063291139,0.8291139240506329
0.12025316455696203,0.8227848101265823
0.12658227848101267,0.8227848101265823
0.13291139240506328,0.8164556962025317
0.13924050632911392,0.810126582278481
0.14556962025316456,0.8037974683544303
0.1518987341772152,0.7911392405063291
0.15822784810126583,0.7658227848101266
0.16455696202531644,0.689873417721519
0.17088607594936708,0.5506329113924051
0.17721518987341772,0.5379746835443038
0.18354430379746836,0.5379746835443038
0.189873417721519,0.2974683544303797
0.1962025316455696,0.2911392405063291
0.24050632911392406,0.2911392405063291
0.2468354430379747,0.2911392405063291
0.25316455696202533,0.2911392405063291
0.25949367088607594,0.2721518987341772
0.26582278481012656,0.2721518987341772
0.2721518987341772,0.2721518987341772
0.3670886075949367,0.2468354430379747
0.37341772151898733,0.2088607594936709
0.379746835443038,0.20253164556962025
0.3860759493670886,0.20253164556962025
0.3924050632911392,0.20253164556962025
0.3987341772151899,0.20253164556962025
0.4050632911392405,0.1962025316455696
0.4060632911392405,0.0
1.0,0.0
