x_val,nn
0.0,1.0
0.006329113924050633,0.930379746835443
0.012658227848101266,0.8924050632911392
0.0189873417721519,0.8860759493670886
0.02531645569620253,0.879746835443038
0.03164556962025317,0.8734177215189873
0.0379746835443038,0.8670886075949367
0.04430379746835443,0.8607594936708861
0.05063291139240506,0.8354430379746836
0.056962025316455694,0.8291139240506329
0.06329113924050633,0.8291139240506329
0.06962025316455696,0.8291139240506329
0.0759493670886076,0.8291139240506329
0.08227848101265822,0.8227848101265823
0.08860759493670886,0.8164556962025317
0.0949367088607595,0.810126582278481
0.10126582278481013,0.8037974683544303
0.13924050632911392,0.7848101265822784
0.14556962025316456,0.7784810126582279
0.1518987341772152,0.7721518987341772
0.15822784810126583,0.7658227848101266
0.16455696202531644,0.759493670886076
0.17088607594936708,0.759493670886076
0.17721518987341772,0.7531645569620253
0.18354430379746836,0.7468354430379747
0.189873417721519,0.7341772151898734
0.1962025316455696,0.7341772151898734
0.20253164556962025,0.7278481012658228
0.2088607594936709,0.7151898734177216
0.22151898734177214,0.7088607594936709
0.22784810126582278,0.7025316455696202
0.23417721518987342,0.6962025316455697
0.24050632911392406,0.689873417721519
0.2468354430379747,0.6835443037974683
0.25316455696202533,0.6455696202531646
0.25949367088607594,0.6329113924050633
0.26582278481012656,0.5886075949367089
0.2721518987341772,0.5822784810126582
0.27848101265822783,0.5822784810126582
0.2848101265822785,0.5759493670886076
0.2911392405063291,0.5759493670886076
0.2974683544303797,0.569620253164557
0.3037974683544304,0.5632911392405063
0.310126582278481,0.5569620253164557
0.31645569620253167,0.3987341772151899
0.3227848101265823,0.3987341772151899
0.3291139240506329,0.3924050632911392
0.33544303797468356,0.35443037974683544
0.34177215189873417,0.35443037974683544
0.34810126582278483,0.34177215189873417
0.35443037974683544,0.20253164556962025
0.36075949367088606,0.20253164556962025
0.3670886075949367,0.20253164556962025
0.6012658227848101,0.1962025316455696
0.6022658227848101,0.0
1.0,0.0
