x_val,nn
0.0,1.0
0.006329113924050633,0.9683544303797469
0.012658227848101266,0.9620253164556962
0.0189873417721519,0.9556962025316456
0.02531645569620253,0.7468354430379747
0.03164556962025317,0.740506329113924
0.0379746835443038,0.7341772151898734
0.04430379746835443,0.7215189873417721
0.05063291139240506,0.7088607594936709
0.056962025316455694,0.7025316455696202
0.10126582278481013,0.6962025316455697
0.10759493670886076,0.689873417721519
0.11392405063291139,0.6392405063291139
0.189873417721519,0.6392405063291139
0.1962025316455696,0.5063291139240507
0.20253164556962025,0.5063291139240507
0.2088607594936709,0.5
0.21518987341772153,0.4873417721518987
0.22151898734177214,0.4873417721518987
0.22784810126582278,0.46835443037974683
0.23417721518987342,0.46835443037974683
0.26582278481012656,0.4620253164556962
0.2721518987341772,0.4620253164556962
0.27848101265822783,0.45569620253164556
0.2848101265822785,0.4430379746835443
0.2911392405063291,0.43670886075949367
0.2974683544303797,0.43670886075949367
0.3037974683544304,0.43037974683544306
0.310126582278481,0.4177215189873418
0.31645569620253167,0.41139240506329117
0.3227848101265823,0.4050632911392405
0.3291139240506329,0.3860759493670886
0.33544303797468356,0.3670886075949367
0.34177215189873417,0.35443037974683544
0.34810126582278483,0.35443037974683544
0.35443037974683544,0.3037974683544304
0.36075949367088606,0.2974683544303797
0.4936708860759494,0.23417721518987342
0.5,0.23417721518987342
0.5063291139240507,0.23417721518987342
0.5126582278481012,0.23417721518987342
0.5189873417721519,0.23417721518987342
0.5253164556962026,0.23417721518987342
0.5759493670886076,0.23417721518987342
0.5822784810126582,0.23417721518987342
0.620253164556962,0.23417721518987342
0.6265822784810127,0.21518987341772153
0.6329113924050633,0.20253164556962025
0.6392405063291139,0.13291139240506328
0.6402405063291139,0.0
1.0,0.0
