x_val,nn
0.0,1.0
0.006535947712418301,0.9934640522875817
0.013071895424836602,0.9869281045751634
0.0196078431372549,0.9803921568627451
0.026143790849673203,0.9738562091503268
0.032679738562091505,0.9673202614379085
0.0392156862745098,0.9607843137254902
0.0457516339869281,0.954248366013072
0.05228758169934641,0.9477124183006536
0.058823529411764705,0.9411764705882353
0.06535947712418301,0.934640522875817
0.0718954248366013,0.9281045751633987
0.0784313725490196,0.9215686274509803
0.08496732026143791,0.9084967320261438
0.0915032679738562,0.8823529411764706
0.13071895424836602,0.869281045751634
0.13725490196078433,0.8627450980392157
0.1437908496732026,0.8562091503267973
0.1503267973856209,0.5816993464052288
0.1568627450980392,0.5751633986928104
0.16339869281045752,0.5686274509803921
0.16993464052287582,0.48366013071895425
0.17647058823529413,0.26143790849673204
0.1830065359477124,0.23529411764705882
0.1895424836601307,0.23529411764705882
0.19607843137254902,0.23529411764705882
0.20261437908496732,0.20261437908496732
0.20915032679738563,0.19607843137254902
0.21015032679738563,0.0
1.0,0.0
