x_val,nn
0.0,1.0
0.006535947712418301,0.9934640522875817
0.013071895424836602,0.9869281045751634
0.0196078431372549,0.9803921568627451
0.026143790849673203,0.9738562091503268
0.032679738562091505,0.9673202614379085
0.0392156862745098,0.954248366013072
0.0457516339869281,0.9411764705882353
0.05228758169934641,0.934640522875817
0.058823529411764705,0.9281045751633987
0.06535947712418301,0.8235294117647058
0.0718954248366013,0.8169934640522876
0.0784313725490196,0.5098039215686274
0.08496732026143791,0.5098039215686274
0.1568627450980392,0.49019607843137253
0.16339869281045752,0.49019607843137253
0.16993464052287582,0.49019607843137253
0.17647058823529413,0.28104575163398693
0.1830065359477124,0.28104575163398693
0.1895424836601307,0.28104575163398693
0.19607843137254902,0.28104575163398693
0.20261437908496732,0.27450980392156865
0.20915032679738563,0.27450980392156865
0.21568627450980393,0.27450980392156865
0.2222222222222222,0.27450980392156865
0.22875816993464052,0.27450980392156865
0.23529411764705882,0.2679738562091503
0.24183006535947713,0.2679738562091503
0.24836601307189543,0.2679738562091503
0.2549019607843137,0.2679738562091503
0.26143790849673204,0.2679738562091503
0.2679738562091503,0.26143790849673204
0.27450980392156865,0.2549019607843137
0.28104575163398693,0.24183006535947713
0.2875816993464052,0.22875816993464052
0.29411764705882354,0.19607843137254902
0.29511764705882354,0.0
1.0,0.0
