x_val,nn
0.0,1.0
0.006535947712418301,0.738562091503268
0.013071895424836602,0.7320261437908496
0.0718954248366013,0.7320261437908496
0.0784313725490196,0.7254901960784313
0.08496732026143791,0.7189542483660131
0.09803921568627451,0.7189542483660131
0.10457516339869281,0.7124183006535948
0.1111111111111111,0.7058823529411765
0.11764705882352941,0.6470588235294118
0.12418300653594772,0.6405228758169934
0.13071895424836602,0.6405228758169934
0.13725490196078433,0.6339869281045751
0.1437908496732026,0.6274509803921569
0.1503267973856209,0.5947712418300654
0.1568627450980392,0.5947712418300654
0.16339869281045752,0.5882352941176471
0.16993464052287582,0.5816993464052288
0.17647058823529413,0.5751633986928104
0.1830065359477124,0.5686274509803921
0.2679738562091503,0.5686274509803921
0.8366013071895425,0.026143790849673203
0.8376013071895425,0.0
1.0,0.0
