x_val,nn
0.0,1.0
0.06535947712418301,0.738562091503268
0.0718954248366013,0.7320261437908496
0.0784313725490196,0.7254901960784313
0.08496732026143791,0.7189542483660131
0.0915032679738562,0.7124183006535948
0.09803921568627451,0.7124183006535948
0.10457516339869281,0.6928104575163399
0.1111111111111111,0.6862745098039216
0.11764705882352941,0.6797385620915033
0.12418300653594772,0.673202614379085
0.13071895424836602,0.6666666666666666
0.13725490196078433,0.6666666666666666
0.1437908496732026,0.6601307189542484
0.1503267973856209,0.6535947712418301
0.1568627450980392,0.6535947712418301
0.16339869281045752,0.5947712418300654
0.24183006535947713,0.5947712418300654
0.24836601307189543,0.5686274509803921
0.2549019607843137,0.5228758169934641
0.26143790849673204,0.5032679738562091
0.2679738562091503,0.49019607843137253
0.35947712418300654,0.49019607843137253
0.3660130718954248,0.48366013071895425
0.37254901960784315,0.477124183006536
0.3790849673202614,0.45751633986928103
0.38562091503267976,0.45098039215686275
0.39215686274509803,0.4444444444444444
0.39869281045751637,0.38562091503267976
0.40522875816993464,0.013071895424836602
0.40622875816993465,0.0
1.0,0.0
