x_val,nn
0.0,1.0
0.006535947712418301,0.7320261437908496
0.013071895424836602,0.7254901960784313
0.0784313725490196,0.7254901960784313
0.08496732026143791,0.7189542483660131
0.0915032679738562,0.6797385620915033
0.09803921568627451,0.6601307189542484
0.10457516339869281,0.6535947712418301
0.1111111111111111,0.6470588235294118
0.11764705882352941,0.6405228758169934
0.17647058823529413,0.6405228758169934
0.1830065359477124,0.6339869281045751
0.1895424836601307,0.5947712418300654
0.19607843137254902,0.5882352941176471
0.20261437908496732,0.5816993464052288
0.20915032679738563,0.5816993464052288
0.21568627450980393,0.5751633986928104
0.2222222222222222,0.5686274509803921
0.22875816993464052,0.5620915032679739
0.23529411764705882,0.5555555555555556
0.24183006535947713,0.5359477124183006
0.24836601307189543,0.5294117647058824
0.2549019607843137,0.5228758169934641
0.26143790849673204,0.5163398692810458
0.2679738562091503,0.5098039215686274
0.27450980392156865,0.5032679738562091
0.28104575163398693,0.5032679738562091
0.2875816993464052,0.5032679738562091
0.3464052287581699,0.5032679738562091
0.35294117647058826,0.49019607843137253
0.3660130718954248,0.49019607843137253
0.37254901960784315,0.48366013071895425
0.3790849673202614,0.477124183006536
0.38562091503267976,0.47058823529411764
0.39215686274509803,0.46405228758169936
0.40522875816993464,0.46405228758169936
0.4117647058823529,0.45751633986928103
0.41830065359477125,0.4444444444444444
0.42483660130718953,0.43790849673202614
0.43137254901960786,0.43137254901960786
0.43790849673202614,0.42483660130718953
0.4444444444444444,0.40522875816993464
0.45098039215686275,0.39869281045751637
0.45751633986928103,0.39215686274509803
0.46405228758169936,0.39215686274509803
0.47058823529411764,0.38562091503267976
0.49673202614379086,0.38562091503267976
0.5032679738562091,0.3790849673202614
0.5098039215686274,0.37254901960784315
0.5228758169934641,0.37254901960784315
0.5490196078431373,0.37254901960784315
0.5555555555555556,0.3660130718954248
0.9215686274509803,0.013071895424836602
0.9225686274509803,0.0
1.0,0.0
