x_val,nn
0.0,1.0
0.006535947712418301,0.9607843137254902
0.013071895424836602,0.954248366013072
0.0196078431372549,0.9411764705882353
0.026143790849673203,0.8823529411764706
0.032679738562091505,0.8758169934640523
0.0392156862745098,0.869281045751634
0.0457516339869281,0.8627450980392157
0.05228758169934641,0.8366013071895425
0.058823529411764705,0.8300653594771242
0.06535947712418301,0.7777777777777778
0.0718954248366013,0.7777777777777778
0.0784313725490196,0.7712418300653595
0.08496732026143791,0.7712418300653595
0.0915032679738562,0.7254901960784313
0.24183006535947713,0.6993464052287581
0.24836601307189543,0.6928104575163399
0.2549019607843137,0.6862745098039216
0.26143790849673204,0.6666666666666666
0.2679738562091503,0.6209150326797386
0.3006535947712418,0.6209150326797386
0.30718954248366015,0.5751633986928104
0.3137254901960784,0.5424836601307189
0.38562091503267976,0.5359477124183006
0.39215686274509803,0.5163398692810458
0.39869281045751637,0.49673202614379086
0.40522875816993464,0.49019607843137253
0.4117647058823529,0.48366013071895425
0.41830065359477125,0.48366013071895425
0.42483660130718953,0.20915032679738563
0.43137254901960786,0.20915032679738563
0.43790849673202614,0.19607843137254902
0.43890849673202614,0.0
1.0,0.0
