x_val,nn
0.0,1.0
0.006535947712418301,0.9803921568627451
0.013071895424836602,0.9607843137254902
0.0196078431372549,0.9477124183006536
0.0392156862745098,0.5424836601307189
0.0457516339869281,0.5228758169934641
0.05228758169934641,0.45751633986928103
0.058823529411764705,0.45751633986928103
0.06535947712418301,0.45098039215686275
0.0718954248366013,0.45098039215686275
0.0784313725490196,0.45098039215686275
0.08496732026143791,0.45098039215686275
0.0915032679738562,0.45098039215686275
0.09803921568627451,0.41830065359477125
0.10457516339869281,0.4117647058823529
0.1111111111111111,0.4117647058823529
0.11764705882352941,0.40522875816993464
0.12418300653594772,0.40522875816993464
0.13071895424836602,0.40522875816993464
0.13725490196078433,0.40522875816993464
0.1437908496732026,0.40522875816993464
0.1503267973856209,0.39869281045751637
0.1568627450980392,0.39215686274509803
0.16339869281045752,0.39215686274509803
0.16993464052287582,0.39215686274509803
0.17647058823529413,0.39215686274509803
0.1830065359477124,0.3333333333333333
0.1895424836601307,0.3333333333333333
0.19607843137254902,0.3333333333333333
0.20261437908496732,0.3333333333333333
0.20915032679738563,0.3137254901960784
0.21568627450980393,0.16993464052287582
0.21668627450980393,0.0
1.0,0.0
