x_val,nn
0.0,1.0
0.006535947712418301,0.9803921568627451
0.013071895424836602,0.9738562091503268
0.0196078431372549,0.9673202614379085
0.026143790849673203,0.9607843137254902
0.032679738562091505,0.954248366013072
0.0392156862745098,0.9281045751633987
0.0457516339869281,0.9150326797385621
0.05228758169934641,0.8431372549019608
0.058823529411764705,0.8366013071895425
0.06535947712418301,0.8235294117647058
0.08496732026143791,0.8235294117647058
0.0915032679738562,0.8104575163398693
0.09803921568627451,0.7908496732026143
0.10457516339869281,0.7777777777777778
0.1111111111111111,0.7712418300653595
0.11764705882352941,0.5490196078431373
0.12418300653594772,0.5359477124183006
0.13071895424836602,0.5032679738562091
0.13725490196078433,0.5032679738562091
0.1437908496732026,0.4444444444444444
0.2222222222222222,0.4444444444444444
0.22875816993464052,0.4444444444444444
0.23529411764705882,0.43790849673202614
0.24183006535947713,0.43137254901960786
0.24836601307189543,0.43137254901960786
0.28104575163398693,0.43137254901960786
0.2875816993464052,0.43137254901960786
0.29411764705882354,0.42483660130718953
0.3006535947712418,0.42483660130718953
0.47058823529411764,0.42483660130718953
0.5032679738562091,0.39215686274509803
0.5098039215686274,0.35294117647058826
0.5163398692810458,0.3333333333333333
0.5228758169934641,0.3333333333333333
0.5294117647058824,0.3137254901960784
0.5359477124183006,0.3137254901960784
0.5424836601307189,0.30718954248366015
0.5490196078431373,0.23529411764705882
0.5555555555555556,0.23529411764705882
0.5620915032679739,0.13725490196078433
0.5630915032679739,0.0
1.0,0.0
