x_val,nn
0.0,1.0
0.006535947712418301,0.8562091503267973
0.05228758169934641,0.8562091503267973
0.058823529411764705,0.8496732026143791
0.06535947712418301,0.8431372549019608
0.0718954248366013,0.8431372549019608
0.0784313725490196,0.8366013071895425
0.08496732026143791,0.8366013071895425
0.9215686274509803,0.006535947712418301
0.9225686274509803,0.0
1.0,0.0
