x_val,nn
0.0,1.0
0.006535947712418301,0.9934640522875817
0.013071895424836602,0.9869281045751634
0.0196078431372549,0.7647058823529411
0.026143790849673203,0.7581699346405228
0.032679738562091505,0.7516339869281046
0.0392156862745098,0.7450980392156863
0.0457516339869281,0.738562091503268
0.058823529411764705,0.7320261437908496
0.06535947712418301,0.7254901960784313
0.0718954248366013,0.7124183006535948
0.0784313725490196,0.7124183006535948
0.1111111111111111,0.6862745098039216
0.11764705882352941,0.673202614379085
0.12418300653594772,0.6666666666666666
0.13071895424836602,0.6274509803921569
0.13725490196078433,0.6209150326797386
0.1437908496732026,0.6143790849673203
0.1503267973856209,0.6078431372549019
0.1568627450980392,0.5294117647058824
0.16339869281045752,0.5228758169934641
0.16993464052287582,0.47058823529411764
0.17647058823529413,0.47058823529411764
0.1830065359477124,0.46405228758169936
0.1895424836601307,0.45751633986928103
0.19607843137254902,0.45098039215686275
0.20261437908496732,0.45098039215686275
0.20915032679738563,0.45098039215686275
0.27450980392156865,0.2549019607843137
0.28104575163398693,0.2549019607843137
0.2875816993464052,0.2549019607843137
0.32679738562091504,0.2549019607843137
0.3333333333333333,0.2549019607843137
0.33986928104575165,0.2549019607843137
0.3464052287581699,0.24836601307189543
0.35294117647058826,0.24836601307189543
0.35947712418300654,0.24836601307189543
0.3660130718954248,0.24836601307189543
0.37254901960784315,0.24836601307189543
0.3790849673202614,0.1895424836601307
0.3800849673202614,0.0
1.0,0.0
