x_val,nn
0.0,1.0
0.006535947712418301,0.9934640522875817
0.013071895424836602,0.9869281045751634
0.0196078431372549,0.9803921568627451
0.026143790849673203,0.9738562091503268
0.032679738562091505,0.9673202614379085
0.0392156862745098,0.9607843137254902
0.0457516339869281,0.954248366013072
0.05228758169934641,0.9477124183006536
0.058823529411764705,0.6013071895424836
0.06535947712418301,0.6013071895424836
0.0718954248366013,0.5947712418300654
0.1111111111111111,0.5424836601307189
0.11764705882352941,0.5424836601307189
0.12418300653594772,0.5359477124183006
0.13071895424836602,0.5294117647058824
0.13725490196078433,0.5228758169934641
0.1437908496732026,0.45751633986928103
0.1568627450980392,0.45751633986928103
0.16339869281045752,0.45098039215686275
0.16993464052287582,0.43790849673202614
0.17647058823529413,0.43790849673202614
0.19607843137254902,0.43790849673202614
0.21568627450980393,0.33986928104575165
0.2222222222222222,0.33986928104575165
0.22875816993464052,0.3333333333333333
0.23529411764705882,0.3202614379084967
0.24183006535947713,0.3137254901960784
0.24836601307189543,0.30718954248366015
0.2549019607843137,0.29411764705882354
0.26143790849673204,0.29411764705882354
0.2679738562091503,0.22875816993464052
0.28104575163398693,0.22875816993464052
0.2875816993464052,0.22875816993464052
0.29411764705882354,0.22875816993464052
0.3006535947712418,0.22875816993464052
0.30718954248366015,0.2222222222222222
0.3137254901960784,0.2222222222222222
0.38562091503267976,0.2222222222222222
0.39215686274509803,0.2222222222222222
0.39869281045751637,0.2222222222222222
0.40522875816993464,0.2222222222222222
0.4117647058823529,0.21568627450980393
0.41830065359477125,0.21568627450980393
0.42483660130718953,0.21568627450980393
0.43137254901960786,0.21568627450980393
0.43790849673202614,0.21568627450980393
0.4444444444444444,0.21568627450980393
0.45098039215686275,0.1895424836601307
0.45198039215686275,0.0
1.0,0.0
