x_val,nn
0.0,1.0
0.006535947712418301,0.9869281045751634
0.013071895424836602,0.9738562091503268
0.08496732026143791,0.9150326797385621
0.1568627450980392,0.8431372549019608
0.16339869281045752,0.8366013071895425
0.16993464052287582,0.8300653594771242
0.17647058823529413,0.8169934640522876
0.1830065359477124,0.8104575163398693
0.1895424836601307,0.803921568627451
0.19607843137254902,0.7973856209150327
0.20261437908496732,0.7908496732026143
0.20915032679738563,0.7843137254901961
0.21568627450980393,0.7712418300653595
0.2222222222222222,0.6274509803921569
0.2875816993464052,0.5751633986928104
0.29411764705882354,0.5686274509803921
0.3006535947712418,0.5620915032679739
0.30718954248366015,0.5555555555555556
0.3137254901960784,0.5555555555555556
0.3202614379084967,0.5490196078431373
0.47058823529411764,0.39869281045751637
0.477124183006536,0.39869281045751637
0.48366013071895425,0.39215686274509803
0.49019607843137253,0.39215686274509803
0.49673202614379086,0.38562091503267976
0.5032679738562091,0.38562091503267976
0.5098039215686274,0.3790849673202614
0.5163398692810458,0.37254901960784315
0.5228758169934641,0.37254901960784315
0.5294117647058824,0.3660130718954248
0.5359477124183006,0.3660130718954248
0.5424836601307189,0.35947712418300654
0.5490196078431373,0.35947712418300654
0.5555555555555556,0.35294117647058826
0.5620915032679739,0.3464052287581699
0.5686274509803921,0.33986928104575165
0.5751633986928104,0.26143790849673204
0.6078431372549019,0.26143790849673204
0.6143790849673203,0.26143790849673204
0.6209150326797386,0.2549019607843137
0.6274509803921569,0.2549019607843137
0.6339869281045751,0.24183006535947713
0.6405228758169934,0.23529411764705882
0.6470588235294118,0.21568627450980393
0.6535947712418301,0.21568627450980393
0.6601307189542484,0.20261437908496732
0.6666666666666666,0.19607843137254902
0.6676666666666666,0.0
1.0,0.0
