x_val,nn
0.0,1.0
0.006535947712418301,0.9934640522875817
0.013071895424836602,0.9869281045751634
0.0196078431372549,0.9803921568627451
0.026143790849673203,0.9738562091503268
0.032679738562091505,0.9673202614379085
0.0392156862745098,0.9607843137254902
0.0457516339869281,0.954248366013072
0.05228758169934641,0.9477124183006536
0.058823529411764705,0.9411764705882353
0.06535947712418301,0.934640522875817
0.0718954248366013,0.9281045751633987
0.0784313725490196,0.9150326797385621
0.08496732026143791,0.9084967320261438
0.0915032679738562,0.9019607843137255
0.09803921568627451,0.8954248366013072
0.10457516339869281,0.8888888888888888
0.1111111111111111,0.8823529411764706
0.11764705882352941,0.8758169934640523
0.13071895424836602,0.869281045751634
0.13725490196078433,0.803921568627451
0.1437908496732026,0.7908496732026143
0.1503267973856209,0.7777777777777778
0.1568627450980392,0.7712418300653595
0.16339869281045752,0.7124183006535948
0.24183006535947713,0.7058823529411765
0.24836601307189543,0.6993464052287581
0.2549019607843137,0.6928104575163399
0.26143790849673204,0.6797385620915033
0.2679738562091503,0.673202614379085
0.27450980392156865,0.6666666666666666
0.28104575163398693,0.6601307189542484
0.2875816993464052,0.6535947712418301
0.3006535947712418,0.6470588235294118
0.30718954248366015,0.6405228758169934
0.3137254901960784,0.5359477124183006
0.3202614379084967,0.5359477124183006
0.32679738562091504,0.49019607843137253
0.3333333333333333,0.48366013071895425
0.33986928104575165,0.38562091503267976
0.3464052287581699,0.3790849673202614
0.477124183006536,0.3660130718954248
0.48366013071895425,0.32679738562091504
0.49019607843137253,0.28104575163398693
0.49673202614379086,0.28104575163398693
0.5032679738562091,0.28104575163398693
0.5098039215686274,0.28104575163398693
0.6274509803921569,0.28104575163398693
0.6339869281045751,0.28104575163398693
0.6405228758169934,0.26143790849673204
0.6470588235294118,0.26143790849673204
0.6535947712418301,0.24836601307189543
0.6601307189542484,0.17647058823529413
0.6611307189542484,0.0
1.0,0.0
