x_val,nn
0.0,1.0
0.006535947712418301,0.9934640522875817
0.013071895424836602,0.9869281045751634
0.032679738562091505,0.9673202614379085
0.0392156862745098,0.9607843137254902
0.0457516339869281,0.954248366013072
0.05228758169934641,0.9411764705882353
0.058823529411764705,0.934640522875817
0.06535947712418301,0.9281045751633987
0.0718954248366013,0.9215686274509803
0.0784313725490196,0.9019607843137255
0.08496732026143791,0.8954248366013072
0.0915032679738562,0.8888888888888888
0.09803921568627451,0.8823529411764706
0.10457516339869281,0.8104575163398693
0.1111111111111111,0.7973856209150327
0.11764705882352941,0.7973856209150327
0.1568627450980392,0.6993464052287581
0.16339869281045752,0.6797385620915033
0.16993464052287582,0.673202614379085
0.17647058823529413,0.673202614379085
0.1895424836601307,0.673202614379085
0.19607843137254902,0.673202614379085
0.20261437908496732,0.6666666666666666
0.20915032679738563,0.6666666666666666
0.21568627450980393,0.6601307189542484
0.2222222222222222,0.6535947712418301
0.26143790849673204,0.6209150326797386
0.2679738562091503,0.6209150326797386
0.27450980392156865,0.6078431372549019
0.28104575163398693,0.6078431372549019
0.2875816993464052,0.6078431372549019
0.29411764705882354,0.49019607843137253
0.3006535947712418,0.48366013071895425
0.30718954248366015,0.477124183006536
0.3137254901960784,0.47058823529411764
0.3790849673202614,0.43137254901960786
0.38562091503267976,0.43137254901960786
0.45098039215686275,0.3660130718954248
0.6013071895424836,0.21568627450980393
0.6078431372549019,0.20915032679738563
0.6143790849673203,0.1895424836601307
0.6153790849673203,0.0
1.0,0.0
