x_val,nn
0.0,1.0
0.006535947712418301,0.9477124183006536
0.013071895424836602,0.9411764705882353
0.0196078431372549,0.934640522875817
0.0392156862745098,0.9150326797385621
0.0457516339869281,0.9084967320261438
0.05228758169934641,0.9019607843137255
0.058823529411764705,0.8954248366013072
0.06535947712418301,0.8888888888888888
0.0718954248366013,0.869281045751634
0.0784313725490196,0.8562091503267973
0.08496732026143791,0.8496732026143791
0.0915032679738562,0.8366013071895425
0.09803921568627451,0.8366013071895425
0.10457516339869281,0.803921568627451
0.1111111111111111,0.803921568627451
0.1503267973856209,0.803921568627451
0.1568627450980392,0.7973856209150327
0.16339869281045752,0.7843137254901961
0.16993464052287582,0.7777777777777778
0.17647058823529413,0.7712418300653595
0.1830065359477124,0.7647058823529411
0.1895424836601307,0.7516339869281046
0.19607843137254902,0.7450980392156863
0.21568627450980393,0.738562091503268
0.2222222222222222,0.6862745098039216
0.22875816993464052,0.673202614379085
0.23529411764705882,0.6405228758169934
0.24183006535947713,0.6339869281045751
0.32679738562091504,0.6143790849673203
0.3333333333333333,0.6013071895424836
0.33986928104575165,0.5947712418300654
0.37254901960784315,0.5686274509803921
0.3790849673202614,0.5555555555555556
0.38562091503267976,0.5490196078431373
0.39215686274509803,0.5424836601307189
0.39869281045751637,0.5359477124183006
0.40522875816993464,0.5359477124183006
0.43790849673202614,0.5098039215686274
0.4444444444444444,0.5032679738562091
0.45098039215686275,0.40522875816993464
0.45751633986928103,0.39869281045751637
0.6470588235294118,0.3006535947712418
0.6535947712418301,0.2549019607843137
0.6601307189542484,0.23529411764705882
0.6666666666666666,0.17647058823529413
0.6676666666666666,0.0
1.0,0.0
