x_val,nn
0.0,1.0
0.006535947712418301,0.9934640522875817
0.013071895424836602,0.9869281045751634
0.026143790849673203,0.9738562091503268
0.032679738562091505,0.9673202614379085
0.0392156862745098,0.9607843137254902
0.0457516339869281,0.954248366013072
0.05228758169934641,0.9411764705882353
0.058823529411764705,0.9281045751633987
0.06535947712418301,0.9215686274509803
0.0718954248366013,0.8954248366013072
0.0784313725490196,0.8888888888888888
0.08496732026143791,0.8823529411764706
0.0915032679738562,0.8562091503267973
0.09803921568627451,0.8496732026143791
0.10457516339869281,0.8300653594771242
0.1111111111111111,0.8235294117647058
0.11764705882352941,0.803921568627451
0.12418300653594772,0.7973856209150327
0.20915032679738563,0.7908496732026143
0.21568627450980393,0.7843137254901961
0.2222222222222222,0.7712418300653595
0.22875816993464052,0.7647058823529411
0.23529411764705882,0.7124183006535948
0.24183006535947713,0.6993464052287581
0.24836601307189543,0.6928104575163399
0.2549019607843137,0.6862745098039216
0.26143790849673204,0.6797385620915033
0.2679738562091503,0.6666666666666666
0.27450980392156865,0.6666666666666666
0.28104575163398693,0.6601307189542484
0.2875816993464052,0.6274509803921569
0.29411764705882354,0.6209150326797386
0.35947712418300654,0.6209150326797386
0.3660130718954248,0.6143790849673203
0.37254901960784315,0.6013071895424836
0.3790849673202614,0.5816993464052288
0.38562091503267976,0.5751633986928104
0.40522875816993464,0.5294117647058824
0.4117647058823529,0.5163398692810458
0.41830065359477125,0.49673202614379086
0.42483660130718953,0.49673202614379086
0.43137254901960786,0.45098039215686275
0.43790849673202614,0.24836601307189543
0.4444444444444444,0.24836601307189543
0.45098039215686275,0.22875816993464052
0.45751633986928103,0.21568627450980393
0.46405228758169936,0.17647058823529413
0.46505228758169936,0.0
1.0,0.0
