x_val,nn
0.0,1.0
0.006329113924050633,0.9936708860759493
0.012658227848101266,0.9873417721518988
0.0189873417721519,0.9810126582278481
0.02531645569620253,0.9746835443037974
0.03164556962025317,0.9493670886075949
0.0379746835443038,0.9430379746835443
0.04430379746835443,0.9367088607594937
0.05063291139240506,0.8860759493670886
0.056962025316455694,0.879746835443038
0.06329113924050633,0.8734177215189873
0.06962025316455696,0.8670886075949367
0.0759493670886076,0.8607594936708861
0.08227848101265822,0.8544303797468354
0.08860759493670886,0.8481012658227848
0.17721518987341772,0.8227848101265823
0.18354430379746836,0.8164556962025317
0.189873417721519,0.810126582278481
0.1962025316455696,0.7974683544303798
0.20253164556962025,0.7911392405063291
0.2088607594936709,0.7848101265822784
0.21518987341772153,0.7151898734177216
0.22151898734177214,0.7025316455696202
0.22784810126582278,0.6962025316455697
0.23417721518987342,0.689873417721519
0.25949367088607594,0.6708860759493671
0.26582278481012656,0.6645569620253164
0.2721518987341772,0.6012658227848101
0.27848101265822783,0.5949367088607594
0.2848101265822785,0.5949367088607594
0.2911392405063291,0.5063291139240507
0.2974683544303797,0.5063291139240507
0.3037974683544304,0.5063291139240507
0.310126582278481,0.5063291139240507
0.3291139240506329,0.4936708860759494
0.33544303797468356,0.4873417721518987
0.34177215189873417,0.4050632911392405
0.34810126582278483,0.3987341772151899
0.35443037974683544,0.3987341772151899
0.36075949367088606,0.3924050632911392
0.3670886075949367,0.34810126582278483
0.37341772151898733,0.3227848101265823
0.379746835443038,0.25949367088607594
0.5316455696202531,0.25949367088607594
0.5379746835443038,0.25949367088607594
0.5443037974683544,0.2468354430379747
0.5506329113924051,0.2468354430379747
0.5569620253164557,0.1518987341772152
0.5579620253164557,0.0
1.0,0.0
