x_val,nn
0.0,1.0
0.006329113924050633,0.9936708860759493
0.012658227848101266,0.9873417721518988
0.0189873417721519,0.9556962025316456
0.02531645569620253,0.9493670886075949
0.03164556962025317,0.9430379746835443
0.0379746835443038,0.9367088607594937
0.06962025316455696,0.930379746835443
0.0759493670886076,0.9240506329113924
0.08227848101265822,0.9050632911392406
0.08860759493670886,0.6962025316455697
0.0949367088607595,0.689873417721519
0.10126582278481013,0.620253164556962
0.10759493670886076,0.6139240506329114
0.11392405063291139,0.6075949367088608
0.12025316455696203,0.6012658227848101
0.20253164556962025,0.5569620253164557
0.2088607594936709,0.5569620253164557
0.2468354430379747,0.5569620253164557
0.25316455696202533,0.2848101265822785
0.25949367088607594,0.27848101265822783
0.26582278481012656,0.27848101265822783
0.2721518987341772,0.2721518987341772
0.27848101265822783,0.2721518987341772
0.2848101265822785,0.2721518987341772
0.2911392405063291,0.26582278481012656
0.2974683544303797,0.26582278481012656
0.3037974683544304,0.26582278481012656
0.310126582278481,0.26582278481012656
0.31645569620253167,0.26582278481012656
0.3227848101265823,0.26582278481012656
0.3291139240506329,0.26582278481012656
0.46835443037974683,0.26582278481012656
0.47468354430379744,0.25316455696202533
0.4810126582278481,0.2468354430379747
0.4873417721518987,0.2468354430379747
0.4936708860759494,0.23417721518987342
0.5,0.23417721518987342
0.5063291139240507,0.20253164556962025
0.5126582278481012,0.1962025316455696
0.5136582278481012,0.0
1.0,0.0
