x_val,nn
0.0,1.0
0.012658227848101266,0.9873417721518988
0.0189873417721519,0.9810126582278481
0.02531645569620253,0.9746835443037974
0.03164556962025317,0.9683544303797469
0.0379746835443038,0.9430379746835443
0.04430379746835443,0.9367088607594937
0.05063291139240506,0.930379746835443
0.056962025316455694,0.9240506329113924
0.06329113924050633,0.9177215189873418
0.06962025316455696,0.9113924050632911
0.0759493670886076,0.9050632911392406
0.08227848101265822,0.8860759493670886
0.08860759493670886,0.5632911392405063
0.0949367088607595,0.5632911392405063
0.10126582278481013,0.5443037974683544
0.10759493670886076,0.5443037974683544
0.11392405063291139,0.5379746835443038
0.15822784810126583,0.5379746835443038
0.16455696202531644,0.5379746835443038
0.17088607594936708,0.5316455696202531
0.17721518987341772,0.5253164556962026
0.18354430379746836,0.5253164556962026
0.189873417721519,0.5189873417721519
0.1962025316455696,0.5189873417721519
0.20253164556962025,0.4810126582278481
0.2088607594936709,0.4810126582278481
0.21518987341772153,0.4620253164556962
0.22151898734177214,0.44936708860759494
0.22784810126582278,0.2468354430379747
0.23417721518987342,0.2468354430379747
0.31645569620253167,0.2468354430379747
0.3227848101265823,0.2468354430379747
0.3291139240506329,0.2468354430379747
0.33544303797468356,0.2468354430379747
0.34177215189873417,0.2468354430379747
0.34810126582278483,0.2468354430379747
0.35443037974683544,0.2468354430379747
0.36075949367088606,0.2468354430379747
0.3670886075949367,0.2468354430379747
0.37341772151898733,0.2468354430379747
0.4936708860759494,0.24050632911392406
0.5,0.23417721518987342
0.5063291139240507,0.22151898734177214
0.5126582278481012,0.22151898734177214
0.5189873417721519,0.22151898734177214
0.5253164556962026,0.20253164556962025
0.5316455696202531,0.20253164556962025
0.6139240506329114,0.20253164556962025
0.689873417721519,0.20253164556962025
0.6962025316455697,0.20253164556962025
0.7025316455696202,0.1962025316455696
0.7035316455696202,0.0
1.0,0.0
