x_val,nn
0.0,1.0
0.006329113924050633,0.8987341772151899
0.012658227848101266,0.8924050632911392
0.0189873417721519,0.8860759493670886
0.02531645569620253,0.879746835443038
0.03164556962025317,0.879746835443038
0.0379746835443038,0.8734177215189873
0.04430379746835443,0.8417721518987342
0.16455696202531644,0.8354430379746836
0.17088607594936708,0.810126582278481
0.17721518987341772,0.7848101265822784
0.18354430379746836,0.7784810126582279
0.189873417721519,0.7721518987341772
0.1962025316455696,0.7658227848101266
0.25949367088607594,0.740506329113924
0.26582278481012656,0.7278481012658228
0.2721518987341772,0.7215189873417721
0.27848101265822783,0.7025316455696202
0.2848101265822785,0.6962025316455697
0.2911392405063291,0.689873417721519
0.2974683544303797,0.6835443037974683
0.3037974683544304,0.6772151898734177
0.310126582278481,0.6582278481012658
0.31645569620253167,0.5253164556962026
0.35443037974683544,0.5189873417721519
0.36075949367088606,0.5126582278481012
0.3670886075949367,0.5126582278481012
0.37341772151898733,0.4050632911392405
0.379746835443038,0.4050632911392405
0.3860759493670886,0.3987341772151899
0.3924050632911392,0.3987341772151899
0.3987341772151899,0.3860759493670886
0.4050632911392405,0.379746835443038
0.41139240506329117,0.36075949367088606
0.46835443037974683,0.36075949367088606
0.4810126582278481,0.34810126582278483
0.4873417721518987,0.34810126582278483
0.4936708860759494,0.34810126582278483
0.5,0.3291139240506329
0.5063291139240507,0.18354430379746836
0.5073291139240507,0.0
1.0,0.0
