x_val,nn
0.0,1.0
0.006329113924050633,0.9873417721518988
0.012658227848101266,0.9810126582278481
0.0189873417721519,0.9746835443037974
0.02531645569620253,0.9620253164556962
0.03164556962025317,0.9556962025316456
0.0759493670886076,0.9240506329113924
0.08227848101265822,0.9050632911392406
0.08860759493670886,0.8987341772151899
0.0949367088607595,0.8924050632911392
0.10126582278481013,0.879746835443038
0.10759493670886076,0.8734177215189873
0.11392405063291139,0.8670886075949367
0.12658227848101267,0.8607594936708861
0.13291139240506328,0.8544303797468354
0.13924050632911392,0.8481012658227848
0.14556962025316456,0.8164556962025317
0.1518987341772152,0.8164556962025317
0.15822784810126583,0.810126582278481
0.16455696202531644,0.8037974683544303
0.17088607594936708,0.7974683544303798
0.17721518987341772,0.7911392405063291
0.18354430379746836,0.6012658227848101
0.189873417721519,0.5
0.1962025316455696,0.5
0.20253164556962025,0.4936708860759494
0.2088607594936709,0.4810126582278481
0.21518987341772153,0.47468354430379744
0.22151898734177214,0.47468354430379744
0.22784810126582278,0.47468354430379744
0.23417721518987342,0.36075949367088606
0.24050632911392406,0.35443037974683544
0.2468354430379747,0.3291139240506329
0.25316455696202533,0.31645569620253167
0.25949367088607594,0.31645569620253167
0.26582278481012656,0.27848101265822783
0.2721518987341772,0.27848101265822783
0.27848101265822783,0.27848101265822783
0.2848101265822785,0.2468354430379747
0.2911392405063291,0.24050632911392406
0.379746835443038,0.24050632911392406
0.3860759493670886,0.24050632911392406
0.3987341772151899,0.24050632911392406
0.4050632911392405,0.15822784810126583
0.4060632911392405,0.0
1.0,0.0
