x_val,nn
0.0,1.0
0.006329113924050633,0.9556962025316456
0.012658227848101266,0.9493670886075949
0.0189873417721519,0.9430379746835443
0.02531645569620253,0.8670886075949367
0.03164556962025317,0.8607594936708861
0.0379746835443038,0.8544303797468354
0.04430379746835443,0.8354430379746836
0.05063291139240506,0.8291139240506329
0.056962025316455694,0.8227848101265823
0.06329113924050633,0.8164556962025317
0.06962025316455696,0.7721518987341772
0.0759493670886076,0.44936708860759494
0.08227848101265822,0.44936708860759494
0.08860759493670886,0.44936708860759494
0.0949367088607595,0.44936708860759494
0.10126582278481013,0.44936708860759494
0.10759493670886076,0.44936708860759494
0.11392405063291139,0.4430379746835443
0.12025316455696203,0.4430379746835443
0.12658227848101267,0.43670886075949367
0.13291139240506328,0.4240506329113924
0.13924050632911392,0.4240506329113924
0.14556962025316456,0.4240506329113924
0.1518987341772152,0.4240506329113924
0.15822784810126583,0.31645569620253167
0.3924050632911392,0.31645569620253167
0.3987341772151899,0.31645569620253167
0.4050632911392405,0.310126582278481
0.41139240506329117,0.3037974683544304
0.4177215189873418,0.22151898734177214
0.4240506329113924,0.21518987341772153
0.5063291139240507,0.2088607594936709
0.5126582278481012,0.2088607594936709
0.5189873417721519,0.12658227848101267
0.5199873417721519,0.0
1.0,0.0
