x_val,nn
0.0,1.0
0.006329113924050633,0.9936708860759493
0.012658227848101266,0.9873417721518988
0.0189873417721519,0.9746835443037974
0.02531645569620253,0.9683544303797469
0.03164556962025317,0.9556962025316456
0.0379746835443038,0.9493670886075949
0.04430379746835443,0.9430379746835443
0.05063291139240506,0.6518987341772152
0.056962025316455694,0.6455696202531646
0.06329113924050633,0.6329113924050633
0.06962025316455696,0.6139240506329114
0.0759493670886076,0.6075949367088608
0.08227848101265822,0.6075949367088608
0.08860759493670886,0.6012658227848101
0.0949367088607595,0.5949367088607594
0.10126582278481013,0.569620253164557
0.10759493670886076,0.569620253164557
0.11392405063291139,0.5632911392405063
0.12025316455696203,0.5569620253164557
0.12658227848101267,0.5506329113924051
0.13291139240506328,0.5443037974683544
0.13924050632911392,0.5253164556962026
0.14556962025316456,0.5253164556962026
0.1518987341772152,0.5189873417721519
0.15822784810126583,0.5189873417721519
0.16455696202531644,0.5126582278481012
0.17088607594936708,0.5126582278481012
0.17721518987341772,0.4873417721518987
0.18354430379746836,0.46835443037974683
0.189873417721519,0.4620253164556962
0.1962025316455696,0.4430379746835443
0.20253164556962025,0.4177215189873418
0.2088607594936709,0.41139240506329117
0.310126582278481,0.3987341772151899
0.31645569620253167,0.3860759493670886
0.3227848101265823,0.3860759493670886
0.3291139240506329,0.35443037974683544
0.33544303797468356,0.3291139240506329
0.34177215189873417,0.3227848101265823
0.34810126582278483,0.2974683544303797
0.35443037974683544,0.2468354430379747
0.36075949367088606,0.2468354430379747
0.3670886075949367,0.2468354430379747
0.37341772151898733,0.24050632911392406
0.379746835443038,0.23417721518987342
0.3860759493670886,0.23417721518987342
0.45569620253164556,0.14556962025316456
0.45669620253164556,0.0
1.0,0.0
