x_val,nn
0.0,1.0
0.006329113924050633,0.9936708860759493
0.012658227848101266,0.9873417721518988
0.0189873417721519,0.879746835443038
0.02531645569620253,0.8734177215189873
0.03164556962025317,0.8670886075949367
0.0379746835443038,0.6962025316455697
0.04430379746835443,0.6708860759493671
0.05063291139240506,0.6708860759493671
0.056962025316455694,0.6645569620253164
0.06329113924050633,0.6582278481012658
0.06962025316455696,0.6582278481012658
0.0759493670886076,0.6518987341772152
0.08227848101265822,0.6455696202531646
0.08860759493670886,0.6329113924050633
0.0949367088607595,0.6329113924050633
0.15822784810126583,0.6329113924050633
0.16455696202531644,0.620253164556962
0.17088607594936708,0.6139240506329114
0.17721518987341772,0.6075949367088608
0.18354430379746836,0.6012658227848101
0.189873417721519,0.5949367088607594
0.20253164556962025,0.5886075949367089
0.2088607594936709,0.5759493670886076
0.21518987341772153,0.5443037974683544
0.22151898734177214,0.5379746835443038
0.22784810126582278,0.5253164556962026
0.23417721518987342,0.5126582278481012
0.24050632911392406,0.5126582278481012
0.2468354430379747,0.5126582278481012
0.25316455696202533,0.47468354430379744
0.25949367088607594,0.45569620253164556
0.26582278481012656,0.44936708860759494
0.2721518987341772,0.4430379746835443
0.37341772151898733,0.4430379746835443
0.379746835443038,0.43670886075949367
0.3860759493670886,0.43037974683544306
0.3924050632911392,0.3987341772151899
0.3987341772151899,0.3924050632911392
0.4050632911392405,0.3860759493670886
0.41139240506329117,0.37341772151898733
0.44936708860759494,0.3670886075949367
0.45569620253164556,0.2848101265822785
0.4620253164556962,0.2848101265822785
0.5189873417721519,0.2848101265822785
0.5253164556962026,0.2848101265822785
0.5316455696202531,0.189873417721519
0.5326455696202531,0.0
1.0,0.0
