x_val,nn
0.0,1.0
0.006329113924050633,0.9683544303797469
0.012658227848101266,0.9620253164556962
0.0189873417721519,0.9556962025316456
0.02531645569620253,0.9493670886075949
0.03164556962025317,0.9430379746835443
0.0379746835443038,0.6518987341772152
0.04430379746835443,0.6518987341772152
0.05063291139240506,0.6518987341772152
0.056962025316455694,0.620253164556962
0.06329113924050633,0.620253164556962
0.06962025316455696,0.6139240506329114
0.08860759493670886,0.5949367088607594
0.0949367088607595,0.5949367088607594
0.10126582278481013,0.5949367088607594
0.10759493670886076,0.5949367088607594
0.11392405063291139,0.5949367088607594
0.12025316455696203,0.5886075949367089
0.12658227848101267,0.5822784810126582
0.22151898734177214,0.5822784810126582
0.22784810126582278,0.5759493670886076
0.23417721518987342,0.5569620253164557
0.24050632911392406,0.5443037974683544
0.31645569620253167,0.5443037974683544
0.3227848101265823,0.5443037974683544
0.3291139240506329,0.5379746835443038
0.33544303797468356,0.5063291139240507
0.34177215189873417,0.5063291139240507
0.34810126582278483,0.5
0.35443037974683544,0.5
0.36075949367088606,0.5
0.3670886075949367,0.5
0.37341772151898733,0.4936708860759494
0.379746835443038,0.47468354430379744
0.3860759493670886,0.46835443037974683
0.3924050632911392,0.46835443037974683
0.3987341772151899,0.3860759493670886
0.4050632911392405,0.379746835443038
0.41139240506329117,0.379746835443038
0.4177215189873418,0.3670886075949367
0.4240506329113924,0.3670886075949367
0.43037974683544306,0.34810126582278483
0.43670886075949367,0.34810126582278483
0.5759493670886076,0.34810126582278483
0.5822784810126582,0.34177215189873417
0.5886075949367089,0.3291139240506329
0.5949367088607594,0.3227848101265823
0.6265822784810127,0.3227848101265823
0.6329113924050633,0.310126582278481
0.6392405063291139,0.3037974683544304
0.6455696202531646,0.2974683544303797
0.6518987341772152,0.2974683544303797
0.6582278481012658,0.2848101265822785
0.6645569620253164,0.2721518987341772
0.6708860759493671,0.2721518987341772
0.6772151898734177,0.26582278481012656
0.6835443037974683,0.25949367088607594
0.689873417721519,0.24050632911392406
0.6962025316455697,0.22784810126582278
0.7341772151898734,0.20253164556962025
0.740506329113924,0.1962025316455696
0.741506329113924,0.0
1.0,0.0
