x_val,nn
0.0,1.0
0.006329113924050633,0.9873417721518988
0.012658227848101266,0.9810126582278481
0.0189873417721519,0.9367088607594937
0.02531645569620253,0.9367088607594937
0.03164556962025317,0.930379746835443
0.0379746835443038,0.8227848101265823
0.04430379746835443,0.8164556962025317
0.05063291139240506,0.689873417721519
0.056962025316455694,0.6835443037974683
0.20253164556962025,0.6772151898734177
0.2088607594936709,0.6772151898734177
0.22784810126582278,0.6708860759493671
0.23417721518987342,0.6645569620253164
0.24050632911392406,0.6582278481012658
0.2468354430379747,0.6518987341772152
0.25316455696202533,0.5632911392405063
0.25949367088607594,0.5569620253164557
0.26582278481012656,0.5506329113924051
0.2721518987341772,0.5189873417721519
0.27848101265822783,0.5126582278481012
0.2848101265822785,0.5063291139240507
0.2911392405063291,0.5063291139240507
0.2974683544303797,0.5063291139240507
0.3037974683544304,0.5
0.310126582278481,0.4936708860759494
0.31645569620253167,0.4873417721518987
0.33544303797468356,0.4810126582278481
0.34177215189873417,0.4810126582278481
0.34810126582278483,0.4810126582278481
0.35443037974683544,0.4240506329113924
0.36075949367088606,0.4240506329113924
0.3670886075949367,0.4177215189873418
0.37341772151898733,0.41139240506329117
0.379746835443038,0.41139240506329117
0.3860759493670886,0.36075949367088606
0.3924050632911392,0.36075949367088606
0.3987341772151899,0.35443037974683544
0.4050632911392405,0.34810126582278483
0.41139240506329117,0.3227848101265823
0.4177215189873418,0.3227848101265823
0.5,0.3227848101265823
0.5063291139240507,0.31645569620253167
0.5126582278481012,0.31645569620253167
0.5189873417721519,0.3037974683544304
0.5506329113924051,0.2974683544303797
0.5569620253164557,0.2721518987341772
0.5632911392405063,0.26582278481012656
0.569620253164557,0.25949367088607594
0.5759493670886076,0.25316455696202533
0.5822784810126582,0.22151898734177214
0.5886075949367089,0.21518987341772153
0.5949367088607594,0.189873417721519
0.5959367088607594,0.0
1.0,0.0
