x_val,nn
0.0,1.0
0.006329113924050633,0.7784810126582279
0.012658227848101266,0.7721518987341772
0.0189873417721519,0.7658227848101266
0.02531645569620253,0.759493670886076
0.03164556962025317,0.7531645569620253
0.0379746835443038,0.7468354430379747
0.04430379746835443,0.7341772151898734
0.05063291139240506,0.7215189873417721
0.056962025316455694,0.6329113924050633
0.06329113924050633,0.6265822784810127
0.06962025316455696,0.620253164556962
0.0759493670886076,0.6075949367088608
0.08227848101265822,0.6075949367088608
0.08860759493670886,0.6075949367088608
0.0949367088607595,0.6012658227848101
0.10126582278481013,0.6012658227848101
0.10759493670886076,0.5949367088607594
0.11392405063291139,0.5506329113924051
0.12025316455696203,0.5506329113924051
0.12658227848101267,0.5316455696202531
0.3037974683544304,0.5253164556962026
0.310126582278481,0.4810126582278481
0.31645569620253167,0.47468354430379744
0.3227848101265823,0.46835443037974683
0.3291139240506329,0.4620253164556962
0.33544303797468356,0.43670886075949367
0.34177215189873417,0.43670886075949367
0.34810126582278483,0.43670886075949367
0.35443037974683544,0.43037974683544306
0.36075949367088606,0.4240506329113924
0.3670886075949367,0.4177215189873418
0.37341772151898733,0.4177215189873418
0.379746835443038,0.36075949367088606
0.47468354430379744,0.34177215189873417
0.4810126582278481,0.34177215189873417
0.5632911392405063,0.34177215189873417
0.569620253164557,0.33544303797468356
0.5759493670886076,0.3291139240506329
0.5822784810126582,0.31645569620253167
0.6012658227848101,0.3037974683544304
0.6075949367088608,0.2974683544303797
0.6139240506329114,0.2911392405063291
0.620253164556962,0.27848101265822783
0.6265822784810127,0.17088607594936708
0.6275822784810127,0.0
1.0,0.0
