x_val,nn
0.0,1.0
0.006329113924050633,0.9936708860759493
0.012658227848101266,0.9873417721518988
0.0189873417721519,0.9810126582278481
0.02531645569620253,0.9746835443037974
0.03164556962025317,0.9683544303797469
0.0379746835443038,0.8417721518987342
0.04430379746835443,0.8354430379746836
0.05063291139240506,0.8291139240506329
0.056962025316455694,0.8227848101265823
0.06329113924050633,0.8164556962025317
0.06962025316455696,0.810126582278481
0.0759493670886076,0.8037974683544303
0.08227848101265822,0.7974683544303798
0.08860759493670886,0.7974683544303798
0.0949367088607595,0.7721518987341772
0.10126582278481013,0.7531645569620253
0.13291139240506328,0.7531645569620253
0.13924050632911392,0.7468354430379747
0.14556962025316456,0.7468354430379747
0.1518987341772152,0.740506329113924
0.17721518987341772,0.7341772151898734
0.18354430379746836,0.6962025316455697
0.189873417721519,0.6582278481012658
0.1962025316455696,0.6012658227848101
0.20253164556962025,0.6012658227848101
0.2088607594936709,0.6012658227848101
0.21518987341772153,0.5949367088607594
0.22151898734177214,0.5949367088607594
0.22784810126582278,0.5886075949367089
0.23417721518987342,0.5759493670886076
0.24050632911392406,0.569620253164557
0.2468354430379747,0.569620253164557
0.25316455696202533,0.569620253164557
0.25949367088607594,0.5632911392405063
0.26582278481012656,0.5632911392405063
0.2721518987341772,0.5632911392405063
0.27848101265822783,0.5632911392405063
0.2848101265822785,0.43037974683544306
0.2911392405063291,0.43037974683544306
0.2974683544303797,0.36075949367088606
0.3037974683544304,0.3291139240506329
0.310126582278481,0.3227848101265823
0.31645569620253167,0.3227848101265823
0.3227848101265823,0.310126582278481
0.3291139240506329,0.310126582278481
0.4873417721518987,0.310126582278481
0.5,0.310126582278481
0.5063291139240507,0.3037974683544304
0.5126582278481012,0.2974683544303797
0.5189873417721519,0.2468354430379747
0.5253164556962026,0.2468354430379747
0.5316455696202531,0.17721518987341772
0.5326455696202531,0.0
1.0,0.0
