x_val,nn
0.0,1.0
0.006329113924050633,0.9936708860759493
0.012658227848101266,0.9873417721518988
0.0189873417721519,0.9810126582278481
0.02531645569620253,0.9746835443037974
0.03164556962025317,0.9177215189873418
0.0379746835443038,0.9177215189873418
0.04430379746835443,0.9113924050632911
0.05063291139240506,0.9050632911392406
0.056962025316455694,0.8987341772151899
0.06329113924050633,0.8734177215189873
0.06962025316455696,0.6518987341772152
0.0759493670886076,0.6455696202531646
0.08227848101265822,0.5759493670886076
0.08860759493670886,0.4873417721518987
0.0949367088607595,0.47468354430379744
0.10126582278481013,0.46835443037974683
0.10759493670886076,0.46835443037974683
0.11392405063291139,0.46835443037974683
0.12025316455696203,0.45569620253164556
0.12658227848101267,0.44936708860759494
0.13291139240506328,0.4430379746835443
0.13924050632911392,0.4430379746835443
0.14556962025316456,0.4430379746835443
0.1518987341772152,0.3670886075949367
0.15822784810126583,0.3670886075949367
0.16455696202531644,0.3670886075949367
0.17088607594936708,0.34810126582278483
0.17721518987341772,0.34177215189873417
0.18354430379746836,0.34177215189873417
0.189873417721519,0.34177215189873417
0.1962025316455696,0.33544303797468356
0.35443037974683544,0.3037974683544304
0.36075949367088606,0.3037974683544304
0.3924050632911392,0.3037974683544304
0.3987341772151899,0.2974683544303797
0.4050632911392405,0.2911392405063291
0.41139240506329117,0.2911392405063291
0.4177215189873418,0.2911392405063291
0.4810126582278481,0.2911392405063291
0.4873417721518987,0.25316455696202533
0.4936708860759494,0.25316455696202533
0.5,0.25316455696202533
0.5063291139240507,0.24050632911392406
0.5126582278481012,0.24050632911392406
0.5189873417721519,0.23417721518987342
0.5253164556962026,0.22784810126582278
0.5316455696202531,0.22784810126582278
0.5632911392405063,0.22784810126582278
0.569620253164557,0.22151898734177214
0.5759493670886076,0.22151898734177214
0.5822784810126582,0.21518987341772153
0.5886075949367089,0.2088607594936709
0.5949367088607594,0.20253164556962025
0.6012658227848101,0.1962025316455696
0.6022658227848101,0.0
1.0,0.0
