x_val,nn
0.0,1.0
0.006329113924050633,0.9936708860759493
0.012658227848101266,0.9873417721518988
0.0189873417721519,0.9746835443037974
0.02531645569620253,0.9683544303797469
0.03164556962025317,0.9620253164556962
0.04430379746835443,0.9556962025316456
0.05063291139240506,0.9493670886075949
0.056962025316455694,0.9430379746835443
0.06329113924050633,0.7468354430379747
0.06962025316455696,0.740506329113924
0.0759493670886076,0.7278481012658228
0.08227848101265822,0.7215189873417721
0.08860759493670886,0.7215189873417721
0.0949367088607595,0.7151898734177216
0.10126582278481013,0.7151898734177216
0.10759493670886076,0.7025316455696202
0.11392405063291139,0.6962025316455697
0.12025316455696203,0.620253164556962
0.12658227848101267,0.6139240506329114
0.13291139240506328,0.6139240506329114
0.13924050632911392,0.5949367088607594
0.14556962025316456,0.5379746835443038
0.1518987341772152,0.5
0.15822784810126583,0.5
0.16455696202531644,0.5
0.17088607594936708,0.5
0.17721518987341772,0.4873417721518987
0.18354430379746836,0.4873417721518987
0.189873417721519,0.35443037974683544
0.1962025316455696,0.35443037974683544
0.20253164556962025,0.35443037974683544
0.2088607594936709,0.34177215189873417
0.21518987341772153,0.31645569620253167
0.22151898734177214,0.27848101265822783
0.22784810126582278,0.27848101265822783
0.23417721518987342,0.23417721518987342
0.24050632911392406,0.23417721518987342
0.2468354430379747,0.22784810126582278
0.25316455696202533,0.22784810126582278
0.25949367088607594,0.12658227848101267
0.26049367088607595,0.0
1.0,0.0
