x_val,nn
0.0,1.0
0.006329113924050633,0.9936708860759493
0.012658227848101266,0.9810126582278481
0.04430379746835443,0.9556962025316456
0.05063291139240506,0.9493670886075949
0.056962025316455694,0.9430379746835443
0.06329113924050633,0.9367088607594937
0.06962025316455696,0.7278481012658228
0.08860759493670886,0.7088607594936709
0.0949367088607595,0.7025316455696202
0.10126582278481013,0.6962025316455697
0.10759493670886076,0.689873417721519
0.11392405063291139,0.6708860759493671
0.12025316455696203,0.6708860759493671
0.12658227848101267,0.6645569620253164
0.13291139240506328,0.6645569620253164
0.13924050632911392,0.6582278481012658
0.14556962025316456,0.5569620253164557
0.1518987341772152,0.5506329113924051
0.15822784810126583,0.47468354430379744
0.16455696202531644,0.47468354430379744
0.17088607594936708,0.47468354430379744
0.17721518987341772,0.46835443037974683
0.18354430379746836,0.46835443037974683
0.189873417721519,0.46835443037974683
0.1962025316455696,0.46835443037974683
0.20253164556962025,0.46835443037974683
0.2088607594936709,0.4620253164556962
0.21518987341772153,0.4620253164556962
0.22151898734177214,0.43670886075949367
0.22784810126582278,0.4240506329113924
0.23417721518987342,0.4240506329113924
0.24050632911392406,0.4050632911392405
0.44936708860759494,0.4050632911392405
0.45569620253164556,0.3924050632911392
0.4620253164556962,0.3860759493670886
0.46835443037974683,0.379746835443038
0.47468354430379744,0.37341772151898733
0.4810126582278481,0.3670886075949367
0.4873417721518987,0.31645569620253167
0.4936708860759494,0.3037974683544304
0.5,0.3037974683544304
0.5063291139240507,0.2974683544303797
0.5126582278481012,0.25949367088607594
0.5189873417721519,0.21518987341772153
0.5253164556962026,0.21518987341772153
0.5316455696202531,0.21518987341772153
0.5379746835443038,0.20253164556962025
0.5443037974683544,0.189873417721519
0.5453037974683544,0.0
1.0,0.0
