x_val,nn
0.0,1.0
0.006329113924050633,0.8670886075949367
0.879746835443038,0.02531645569620253
0.880746835443038,0.0
1.0,0.0
