x_val,nn
0.0,1.0
0.006329113924050633,0.8670886075949367
0.012658227848101266,0.8607594936708861
0.0189873417721519,0.8544303797468354
0.02531645569620253,0.8417721518987342
0.03164556962025317,0.8354430379746836
0.056962025316455694,0.8354430379746836
0.8924050632911392,0.0189873417721519
0.8934050632911392,0.0
1.0,0.0
