x_val,nn
0.0,1.0
0.006329113924050633,0.9936708860759493
0.012658227848101266,0.9873417721518988
0.0189873417721519,0.9746835443037974
0.02531645569620253,0.9683544303797469
0.03164556962025317,0.9620253164556962
0.0379746835443038,0.9556962025316456
0.04430379746835443,0.9493670886075949
0.05063291139240506,0.9430379746835443
0.06329113924050633,0.9367088607594937
0.06962025316455696,0.930379746835443
0.0759493670886076,0.9240506329113924
0.08227848101265822,0.9113924050632911
0.08860759493670886,0.9050632911392406
0.0949367088607595,0.8987341772151899
0.10126582278481013,0.8354430379746836
0.10759493670886076,0.8291139240506329
0.11392405063291139,0.7531645569620253
0.12025316455696203,0.740506329113924
0.12658227848101267,0.7215189873417721
0.13291139240506328,0.7151898734177216
0.13924050632911392,0.7088607594936709
0.16455696202531644,0.7088607594936709
0.17088607594936708,0.6962025316455697
0.189873417721519,0.6835443037974683
0.1962025316455696,0.6835443037974683
0.20253164556962025,0.3670886075949367
0.2088607594936709,0.3670886075949367
0.21518987341772153,0.3670886075949367
0.22151898734177214,0.3670886075949367
0.22784810126582278,0.3670886075949367
0.23417721518987342,0.34177215189873417
0.24050632911392406,0.34177215189873417
0.2468354430379747,0.34177215189873417
0.25316455696202533,0.34177215189873417
0.25949367088607594,0.34177215189873417
0.44936708860759494,0.34177215189873417
0.45569620253164556,0.34177215189873417
0.4620253164556962,0.34177215189873417
0.46835443037974683,0.33544303797468356
0.47468354430379744,0.33544303797468356
0.4810126582278481,0.3291139240506329
0.4873417721518987,0.3227848101265823
0.4936708860759494,0.310126582278481
0.5,0.310126582278481
0.5886075949367089,0.310126582278481
0.5949367088607594,0.310126582278481
0.6012658227848101,0.3037974683544304
0.6075949367088608,0.2721518987341772
0.6518987341772152,0.2721518987341772
0.6582278481012658,0.2721518987341772
0.6645569620253164,0.1962025316455696
0.6655569620253164,0.0
1.0,0.0
