x_val,nn
0.0,1.0
0.006329113924050633,0.9936708860759493
0.012658227848101266,0.9873417721518988
0.0189873417721519,0.9810126582278481
0.02531645569620253,0.9746835443037974
0.03164556962025317,0.9493670886075949
0.0379746835443038,0.9240506329113924
0.04430379746835443,0.9177215189873418
0.05063291139240506,0.5569620253164557
0.056962025316455694,0.5569620253164557
0.06329113924050633,0.45569620253164556
0.06962025316455696,0.45569620253164556
0.0759493670886076,0.44936708860759494
0.08227848101265822,0.44936708860759494
0.08860759493670886,0.44936708860759494
0.0949367088607595,0.4430379746835443
0.10126582278481013,0.4430379746835443
0.10759493670886076,0.4430379746835443
0.11392405063291139,0.4430379746835443
0.12025316455696203,0.3924050632911392
0.12658227848101267,0.3860759493670886
0.13291139240506328,0.3860759493670886
0.13924050632911392,0.379746835443038
0.2911392405063291,0.379746835443038
0.2974683544303797,0.379746835443038
0.3037974683544304,0.379746835443038
0.310126582278481,0.37341772151898733
0.31645569620253167,0.23417721518987342
0.3227848101265823,0.23417721518987342
0.35443037974683544,0.23417721518987342
0.36075949367088606,0.22151898734177214
0.3670886075949367,0.22151898734177214
0.37341772151898733,0.22151898734177214
0.379746835443038,0.18354430379746836
0.380746835443038,0.0
1.0,0.0
