x_val,nn
0.0,1.0
0.006329113924050633,0.9620253164556962
0.012658227848101266,0.9556962025316456
0.0379746835443038,0.930379746835443
0.04430379746835443,0.9240506329113924
0.05063291139240506,0.9177215189873418
0.056962025316455694,0.9113924050632911
0.06329113924050633,0.9050632911392406
0.06962025316455696,0.8987341772151899
0.0759493670886076,0.6075949367088608
0.08227848101265822,0.6075949367088608
0.08860759493670886,0.6075949367088608
0.0949367088607595,0.6012658227848101
0.10126582278481013,0.5949367088607594
0.10759493670886076,0.5759493670886076
0.11392405063291139,0.5063291139240507
0.12025316455696203,0.45569620253164556
0.12658227848101267,0.45569620253164556
0.13291139240506328,0.44936708860759494
0.13924050632911392,0.44936708860759494
0.14556962025316456,0.4430379746835443
0.1518987341772152,0.43037974683544306
0.15822784810126583,0.43037974683544306
0.16455696202531644,0.4050632911392405
0.34177215189873417,0.4050632911392405
0.34810126582278483,0.4050632911392405
0.35443037974683544,0.4050632911392405
0.36075949367088606,0.379746835443038
0.45569620253164556,0.379746835443038
0.4620253164556962,0.379746835443038
0.46835443037974683,0.37341772151898733
0.47468354430379744,0.36075949367088606
0.4810126582278481,0.35443037974683544
0.4873417721518987,0.3037974683544304
0.4936708860759494,0.2974683544303797
0.5,0.2974683544303797
0.5063291139240507,0.2911392405063291
0.5126582278481012,0.2911392405063291
0.5189873417721519,0.25949367088607594
0.5253164556962026,0.25316455696202533
0.7341772151898734,0.08227848101265822
0.7351772151898734,0.0
1.0,0.0
