x_val,nn
0.0,1.0
0.006329113924050633,0.9936708860759493
0.012658227848101266,0.9873417721518988
0.0189873417721519,0.9810126582278481
0.02531645569620253,0.9746835443037974
0.03164556962025317,0.9683544303797469
0.0379746835443038,0.9620253164556962
0.04430379746835443,0.9556962025316456
0.05063291139240506,0.9240506329113924
0.08227848101265822,0.9177215189873418
0.08860759493670886,0.9113924050632911
0.0949367088607595,0.9050632911392406
0.10126582278481013,0.8607594936708861
0.10759493670886076,0.8607594936708861
0.11392405063291139,0.8544303797468354
0.1518987341772152,0.8481012658227848
0.15822784810126583,0.8354430379746836
0.16455696202531644,0.8291139240506329
0.17088607594936708,0.8227848101265823
0.17721518987341772,0.8164556962025317
0.18354430379746836,0.810126582278481
0.189873417721519,0.8037974683544303
0.1962025316455696,0.7911392405063291
0.20253164556962025,0.7848101265822784
0.2088607594936709,0.7721518987341772
0.21518987341772153,0.759493670886076
0.22151898734177214,0.7531645569620253
0.22784810126582278,0.740506329113924
0.23417721518987342,0.7341772151898734
0.24050632911392406,0.569620253164557
0.2468354430379747,0.569620253164557
0.2848101265822785,0.5632911392405063
0.2911392405063291,0.5569620253164557
0.2974683544303797,0.5506329113924051
0.3037974683544304,0.5189873417721519
0.310126582278481,0.5189873417721519
0.31645569620253167,0.5063291139240507
0.3227848101265823,0.5063291139240507
0.3291139240506329,0.2721518987341772
0.33544303797468356,0.2721518987341772
0.34177215189873417,0.2721518987341772
0.34810126582278483,0.25316455696202533
0.35443037974683544,0.24050632911392406
0.36075949367088606,0.24050632911392406
0.3670886075949367,0.189873417721519
0.3680886075949367,0.0
1.0,0.0
