x_val,nn
0.0,1.0
0.006711409395973154,0.9530201342281879
0.013422818791946308,0.9463087248322147
0.020134228187919462,0.9463087248322147
0.04697986577181208,0.9395973154362416
0.053691275167785234,0.9328859060402684
0.06040268456375839,0.9060402684563759
0.06711409395973154,0.8993288590604027
0.0738255033557047,0.8926174496644296
0.08053691275167785,0.8657718120805369
0.087248322147651,0.7583892617449665
0.09395973154362416,0.7315436241610739
0.10067114093959731,0.7248322147651006
0.10738255033557047,0.7181208053691275
0.11409395973154363,0.7114093959731543
0.1610738255033557,0.7046979865771812
0.16778523489932887,0.697986577181208
0.174496644295302,0.6912751677852349
0.18120805369127516,0.6912751677852349
0.18791946308724833,0.6644295302013423
0.19463087248322147,0.6577181208053692
0.20134228187919462,0.5167785234899329
0.2080536912751678,0.47651006711409394
0.21476510067114093,0.47651006711409394
0.2214765100671141,0.47651006711409394
0.22818791946308725,0.4563758389261745
0.2348993288590604,0.44966442953020136
0.24161073825503357,0.4429530201342282
0.2483221476510067,0.436241610738255
0.2550335570469799,0.436241610738255
0.26174496644295303,0.3825503355704698
0.2684563758389262,0.3825503355704698
0.2751677852348993,0.37583892617449666
0.35570469798657717,0.37583892617449666
0.3624161073825503,0.37583892617449666
0.3691275167785235,0.3691275167785235
0.37583892617449666,0.2953020134228188
0.3825503355704698,0.28859060402684567
0.38926174496644295,0.2751677852348993
0.3959731543624161,0.2751677852348993
0.40268456375838924,0.2684563758389262
0.40939597315436244,0.21476510067114093
0.4161073825503356,0.21476510067114093
0.4228187919463087,0.21476510067114093
0.42953020134228187,0.21476510067114093
0.436241610738255,0.21476510067114093
0.4429530201342282,0.2080536912751678
0.44966442953020136,0.20134228187919462
0.4563758389261745,0.19463087248322147
0.4573758389261745,0.0
1.0,0.0
