x_val,nn
0.0,1.0
0.005076142131979695,0.9949238578680203
0.01015228426395939,0.9847715736040609
0.050761421319796954,0.949238578680203
0.05583756345177665,0.8883248730964467
0.06091370558375635,0.8629441624365483
0.06598984771573604,0.8578680203045685
0.07106598984771574,0.7868020304568528
0.07614213197969544,0.7461928934010152
0.08121827411167512,0.5888324873096447
0.08629441624365482,0.5482233502538071
0.09137055837563451,0.27411167512690354
0.09644670050761421,0.27411167512690354
0.3756345177664975,0.27411167512690354
0.38071065989847713,0.27411167512690354
0.4720812182741117,0.15736040609137056
0.4730812182741117,0.0
1.0,0.0
