x_val,nn
0.0,1.0
0.005076142131979695,0.9949238578680203
0.01015228426395939,0.9847715736040609
0.015228426395939087,0.9695431472081218
0.02030456852791878,0.9644670050761421
0.03553299492385787,0.8883248730964467
0.06598984771573604,0.5126903553299492
0.07106598984771574,0.5126903553299492
0.07614213197969544,0.5126903553299492
0.08121827411167512,0.5126903553299492
0.08629441624365482,0.49746192893401014
0.09137055837563451,0.4720812182741117
0.09644670050761421,0.4720812182741117
0.10152284263959391,0.4720812182741117
0.1065989847715736,0.4619289340101523
0.1116751269035533,0.4619289340101523
0.116751269035533,0.45685279187817257
0.1218274111675127,0.4365482233502538
0.12690355329949238,0.350253807106599
0.1319796954314721,0.350253807106599
0.13705583756345177,0.350253807106599
0.14213197969543148,0.3401015228426396
0.14720812182741116,0.2436548223350254
0.15228426395939088,0.23857868020304568
0.15736040609137056,0.23857868020304568
0.16243654822335024,0.23857868020304568
0.16751269035532995,0.23857868020304568
0.17258883248730963,0.233502538071066
0.29441624365482233,0.233502538071066
0.29949238578680204,0.233502538071066
0.3147208121827411,0.233502538071066
0.3197969543147208,0.233502538071066
0.34517766497461927,0.233502538071066
0.350253807106599,0.233502538071066
0.3553299492385787,0.233502538071066
0.3604060913705584,0.20812182741116753
0.36548223350253806,0.20812182741116753
0.37055837563451777,0.15736040609137056
0.37155837563451777,0.0
1.0,0.0
