x_val,nn
0.0,1.0
0.005076142131979695,0.9949238578680203
0.01015228426395939,0.9746192893401016
0.015228426395939087,0.9695431472081218
0.02030456852791878,0.934010152284264
0.025380710659898477,0.9187817258883249
0.030456852791878174,0.9137055837563451
0.03553299492385787,0.9035532994923858
0.04060913705583756,0.8984771573604061
0.04568527918781726,0.883248730964467
0.050761421319796954,0.8781725888324873
0.05583756345177665,0.8730964467005076
0.06091370558375635,0.868020304568528
0.06598984771573604,0.8629441624365483
0.07106598984771574,0.8578680203045685
0.1065989847715736,0.8527918781725888
0.1116751269035533,0.8121827411167513
0.116751269035533,0.7868020304568528
0.1218274111675127,0.7817258883248731
0.12690355329949238,0.766497461928934
0.1319796954314721,0.766497461928934
0.13705583756345177,0.5634517766497462
0.14213197969543148,0.5380710659898477
0.14720812182741116,0.5380710659898477
0.15228426395939088,0.4263959390862944
0.350253807106599,0.4263959390862944
0.3553299492385787,0.4263959390862944
0.41116751269035534,0.4263959390862944
0.41624365482233505,0.38578680203045684
0.4213197969543147,0.37055837563451777
0.4263959390862944,0.36548223350253806
0.43147208121827413,0.3604060913705584
0.4365482233502538,0.3197969543147208
0.4416243654822335,0.3197969543147208
0.4467005076142132,0.2639593908629442
0.4517766497461929,0.25380710659898476
0.45685279187817257,0.25380710659898476
0.4619289340101523,0.20304568527918782
0.467005076142132,0.17258883248730963
0.468005076142132,0.0
1.0,0.0
