x_val,nn
0.0,1.0
0.006535947712418301,0.9934640522875817
0.013071895424836602,0.9869281045751634
0.0196078431372549,0.9803921568627451
0.026143790849673203,0.9607843137254902
0.032679738562091505,0.954248366013072
0.0457516339869281,0.9477124183006536
0.05228758169934641,0.934640522875817
0.058823529411764705,0.9281045751633987
0.06535947712418301,0.9215686274509803
0.0718954248366013,0.9150326797385621
0.0784313725490196,0.9084967320261438
0.08496732026143791,0.9019607843137255
0.0915032679738562,0.8954248366013072
0.09803921568627451,0.6274509803921569
0.10457516339869281,0.6209150326797386
0.1111111111111111,0.6143790849673203
0.11764705882352941,0.6078431372549019
0.12418300653594772,0.6078431372549019
0.13071895424836602,0.6078431372549019
0.13725490196078433,0.6078431372549019
0.1437908496732026,0.3464052287581699
0.1503267973856209,0.3464052287581699
0.1568627450980392,0.3464052287581699
0.16339869281045752,0.3464052287581699
0.16993464052287582,0.22875816993464052
0.17647058823529413,0.22875816993464052
0.35294117647058826,0.22875816993464052
0.35947712418300654,0.22875816993464052
0.3660130718954248,0.22875816993464052
0.37254901960784315,0.22875816993464052
0.3790849673202614,0.22875816993464052
0.38562091503267976,0.2222222222222222
0.39215686274509803,0.2222222222222222
0.39869281045751637,0.2222222222222222
0.40522875816993464,0.2222222222222222
0.4117647058823529,0.16993464052287582
0.4127647058823529,0.0
1.0,0.0
