x_val,nn
0.0,1.0
0.006535947712418301,0.9934640522875817
0.013071895424836602,0.9869281045751634
0.0196078431372549,0.9803921568627451
0.026143790849673203,0.9738562091503268
0.032679738562091505,0.9215686274509803
0.0392156862745098,0.9150326797385621
0.0457516339869281,0.803921568627451
0.05228758169934641,0.803921568627451
0.058823529411764705,0.43790849673202614
0.06535947712418301,0.43790849673202614
0.0718954248366013,0.35294117647058826
0.0784313725490196,0.3464052287581699
0.08496732026143791,0.33986928104575165
0.21568627450980393,0.3333333333333333
0.2222222222222222,0.32679738562091504
0.22875816993464052,0.3202614379084967
0.23529411764705882,0.3202614379084967
0.24183006535947713,0.3137254901960784
0.2549019607843137,0.3137254901960784
0.26143790849673204,0.30718954248366015
0.2679738562091503,0.3006535947712418
0.27450980392156865,0.29411764705882354
0.28104575163398693,0.29411764705882354
0.2875816993464052,0.29411764705882354
0.3006535947712418,0.2875816993464052
0.30718954248366015,0.28104575163398693
0.3137254901960784,0.28104575163398693
0.3202614379084967,0.28104575163398693
0.32679738562091504,0.22875816993464052
0.3333333333333333,0.22875816993464052
0.33986928104575165,0.19607843137254902
0.34086928104575165,0.0
1.0,0.0
