x_val,nn
0.0,1.0
0.006535947712418301,0.7320261437908496
0.013071895424836602,0.7254901960784313
0.0196078431372549,0.7189542483660131
0.026143790849673203,0.7189542483660131
0.032679738562091505,0.7189542483660131
0.0392156862745098,0.7124183006535948
0.0457516339869281,0.7058823529411765
0.05228758169934641,0.6993464052287581
0.058823529411764705,0.6535947712418301
0.06535947712418301,0.6470588235294118
0.0718954248366013,0.6470588235294118
0.0784313725490196,0.5882352941176471
0.08496732026143791,0.5882352941176471
0.22875816993464052,0.5882352941176471
0.24183006535947713,0.5882352941176471
0.2549019607843137,0.5882352941176471
0.26143790849673204,0.5816993464052288
0.2679738562091503,0.5424836601307189
0.27450980392156865,0.5424836601307189
0.28104575163398693,0.5424836601307189
0.2875816993464052,0.5359477124183006
0.29411764705882354,0.5294117647058824
0.3006535947712418,0.5228758169934641
0.30718954248366015,0.5163398692810458
0.3137254901960784,0.5098039215686274
0.3202614379084967,0.5098039215686274
0.32679738562091504,0.5032679738562091
0.3333333333333333,0.49673202614379086
0.33986928104575165,0.49019607843137253
0.3464052287581699,0.48366013071895425
0.35294117647058826,0.477124183006536
0.35947712418300654,0.47058823529411764
0.3660130718954248,0.42483660130718953
0.869281045751634,0.013071895424836602
0.870281045751634,0.0
1.0,0.0
