x_val,nn
0.0,1.0
0.006535947712418301,0.7320261437908496
0.013071895424836602,0.7320261437908496
0.0196078431372549,0.7254901960784313
0.026143790849673203,0.7189542483660131
0.032679738562091505,0.7058823529411765
0.0392156862745098,0.7058823529411765
0.0457516339869281,0.6993464052287581
0.05228758169934641,0.6993464052287581
0.058823529411764705,0.6993464052287581
0.06535947712418301,0.6666666666666666
0.0718954248366013,0.6601307189542484
0.0784313725490196,0.6601307189542484
0.16993464052287582,0.6601307189542484
0.17647058823529413,0.6535947712418301
0.1830065359477124,0.6470588235294118
0.1895424836601307,0.6078431372549019
0.19607843137254902,0.6013071895424836
0.20261437908496732,0.5947712418300654
0.20915032679738563,0.5882352941176471
0.21568627450980393,0.5816993464052288
0.2222222222222222,0.5751633986928104
0.22875816993464052,0.5163398692810458
0.32679738562091504,0.5163398692810458
0.3333333333333333,0.5098039215686274
0.33986928104575165,0.5098039215686274
0.3464052287581699,0.5032679738562091
0.35294117647058826,0.5032679738562091
0.3660130718954248,0.5032679738562091
0.37254901960784315,0.45098039215686275
0.3790849673202614,0.41830065359477125
0.38562091503267976,0.41830065359477125
0.39215686274509803,0.41830065359477125
0.39869281045751637,0.4117647058823529
0.40522875816993464,0.40522875816993464
0.4117647058823529,0.39869281045751637
0.41830065359477125,0.37254901960784315
0.42483660130718953,0.3660130718954248
0.43137254901960786,0.3660130718954248
0.43790849673202614,0.35947712418300654
0.4444444444444444,0.35294117647058826
0.45098039215686275,0.3464052287581699
0.45751633986928103,0.33986928104575165
0.46405228758169936,0.32679738562091504
0.47058823529411764,0.013071895424836602
0.47158823529411764,0.0
1.0,0.0
