x_val,nn
0.0,1.0
0.006535947712418301,0.7320261437908496
0.013071895424836602,0.7254901960784313
0.0196078431372549,0.7189542483660131
0.026143790849673203,0.7124183006535948
0.032679738562091505,0.7124183006535948
0.0392156862745098,0.7058823529411765
0.0457516339869281,0.6993464052287581
0.05228758169934641,0.6601307189542484
0.058823529411764705,0.6535947712418301
0.06535947712418301,0.6470588235294118
0.0718954248366013,0.6405228758169934
0.0784313725490196,0.5686274509803921
0.08496732026143791,0.5686274509803921
0.0915032679738562,0.5620915032679739
0.09803921568627451,0.5228758169934641
0.10457516339869281,0.5228758169934641
0.1111111111111111,0.48366013071895425
0.11764705882352941,0.477124183006536
0.3333333333333333,0.477124183006536
0.33986928104575165,0.47058823529411764
0.3464052287581699,0.46405228758169936
0.35294117647058826,0.45098039215686275
0.38562091503267976,0.45098039215686275
0.39215686274509803,0.40522875816993464
0.39869281045751637,0.39869281045751637
0.40522875816993464,0.39215686274509803
0.4117647058823529,0.38562091503267976
0.41830065359477125,0.3790849673202614
0.42483660130718953,0.3790849673202614
0.43137254901960786,0.3790849673202614
0.43790849673202614,0.35294117647058826
0.4444444444444444,0.33986928104575165
0.45098039215686275,0.3333333333333333
0.45751633986928103,0.3333333333333333
0.46405228758169936,0.30718954248366015
0.47058823529411764,0.30718954248366015
0.5490196078431373,0.30718954248366015
0.5555555555555556,0.3006535947712418
0.5686274509803921,0.3006535947712418
0.5751633986928104,0.29411764705882354
0.5816993464052288,0.2875816993464052
0.5882352941176471,0.28104575163398693
0.869281045751634,0.013071895424836602
0.870281045751634,0.0
1.0,0.0
