x_val,nn
0.0,1.0
0.006535947712418301,0.6797385620915033
0.013071895424836602,0.6797385620915033
0.0196078431372549,0.673202614379085
0.026143790849673203,0.673202614379085
0.032679738562091505,0.6666666666666666
0.0392156862745098,0.6601307189542484
0.0457516339869281,0.6078431372549019
0.05228758169934641,0.6078431372549019
0.058823529411764705,0.6013071895424836
0.06535947712418301,0.5947712418300654
0.0718954248366013,0.5947712418300654
0.0784313725490196,0.5882352941176471
0.08496732026143791,0.5816993464052288
0.0915032679738562,0.5751633986928104
0.09803921568627451,0.5751633986928104
0.10457516339869281,0.5686274509803921
0.1111111111111111,0.5620915032679739
0.803921568627451,0.026143790849673203
0.804921568627451,0.0
1.0,0.0
