x_val,nn
0.0,1.0
0.006535947712418301,0.9803921568627451
0.013071895424836602,0.9738562091503268
0.0196078431372549,0.9673202614379085
0.026143790849673203,0.9411764705882353
0.032679738562091505,0.934640522875817
0.0392156862745098,0.8300653594771242
0.0457516339869281,0.7908496732026143
0.09803921568627451,0.7647058823529411
0.10457516339869281,0.738562091503268
0.1111111111111111,0.7320261437908496
0.11764705882352941,0.7320261437908496
0.12418300653594772,0.6862745098039216
0.13071895424836602,0.6797385620915033
0.13725490196078433,0.6535947712418301
0.1437908496732026,0.6470588235294118
0.2222222222222222,0.6274509803921569
0.22875816993464052,0.5424836601307189
0.23529411764705882,0.49673202614379086
0.24183006535947713,0.49673202614379086
0.24836601307189543,0.41830065359477125
0.2549019607843137,0.4117647058823529
0.26143790849673204,0.40522875816993464
0.2679738562091503,0.40522875816993464
0.27450980392156865,0.39869281045751637
0.28104575163398693,0.39869281045751637
0.2875816993464052,0.39215686274509803
0.33986928104575165,0.2679738562091503
0.3464052287581699,0.2679738562091503
0.35294117647058826,0.2679738562091503
0.35947712418300654,0.0915032679738562
0.36047712418300654,0.0
1.0,0.0
