x_val,nn
0.0,1.0
0.006535947712418301,0.9673202614379085
0.013071895424836602,0.9607843137254902
0.0196078431372549,0.9477124183006536
0.026143790849673203,0.9411764705882353
0.032679738562091505,0.934640522875817
0.0392156862745098,0.9281045751633987
0.0457516339869281,0.9150326797385621
0.05228758169934641,0.8954248366013072
0.058823529411764705,0.8169934640522876
0.06535947712418301,0.7973856209150327
0.0718954248366013,0.7843137254901961
0.0784313725490196,0.7777777777777778
0.08496732026143791,0.7777777777777778
0.0915032679738562,0.7712418300653595
0.09803921568627451,0.7647058823529411
0.10457516339869281,0.7516339869281046
0.1111111111111111,0.7450980392156863
0.11764705882352941,0.7189542483660131
0.12418300653594772,0.7189542483660131
0.13071895424836602,0.7124183006535948
0.13725490196078433,0.7058823529411765
0.1437908496732026,0.673202614379085
0.1503267973856209,0.673202614379085
0.1568627450980392,0.6143790849673203
0.16339869281045752,0.5816993464052288
0.16993464052287582,0.5816993464052288
0.17647058823529413,0.5751633986928104
0.1830065359477124,0.5751633986928104
0.1895424836601307,0.5228758169934641
0.19607843137254902,0.5098039215686274
0.477124183006536,0.5032679738562091
0.48366013071895425,0.46405228758169936
0.49019607843137253,0.46405228758169936
0.49673202614379086,0.43790849673202614
0.5032679738562091,0.41830065359477125
0.5098039215686274,0.4117647058823529
0.5294117647058824,0.4117647058823529
0.5359477124183006,0.3790849673202614
0.5424836601307189,0.3790849673202614
0.5490196078431373,0.3790849673202614
0.5555555555555556,0.32679738562091504
0.5620915032679739,0.3202614379084967
0.5686274509803921,0.3202614379084967
0.6143790849673203,0.3202614379084967
0.6405228758169934,0.3202614379084967
0.6470588235294118,0.3137254901960784
0.6535947712418301,0.27450980392156865
0.6601307189542484,0.2679738562091503
0.6666666666666666,0.26143790849673204
0.673202614379085,0.24183006535947713
0.6797385620915033,0.23529411764705882
0.6862745098039216,0.23529411764705882
0.6928104575163399,0.23529411764705882
0.6993464052287581,0.22875816993464052
0.7581699346405228,0.2222222222222222
0.7712418300653595,0.2222222222222222
0.7843137254901961,0.20915032679738563
0.7908496732026143,0.20261437908496732
0.7973856209150327,0.19607843137254902
0.7983856209150327,0.0
1.0,0.0
