x_val,nn
0.0,1.0
0.006535947712418301,0.9477124183006536
0.0457516339869281,0.9411764705882353
0.05228758169934641,0.6797385620915033
0.058823529411764705,0.6797385620915033
0.06535947712418301,0.673202614379085
0.0718954248366013,0.673202614379085
0.0784313725490196,0.6666666666666666
0.0915032679738562,0.477124183006536
0.09803921568627451,0.477124183006536
0.1568627450980392,0.477124183006536
0.16339869281045752,0.47058823529411764
0.16993464052287582,0.47058823529411764
0.17647058823529413,0.46405228758169936
0.1830065359477124,0.41830065359477125
0.1895424836601307,0.41830065359477125
0.19607843137254902,0.41830065359477125
0.20261437908496732,0.3790849673202614
0.20915032679738563,0.3790849673202614
0.2549019607843137,0.3660130718954248
0.26143790849673204,0.35294117647058826
0.2679738562091503,0.24836601307189543
0.27450980392156865,0.24836601307189543
0.28104575163398693,0.24836601307189543
0.2875816993464052,0.24183006535947713
0.29411764705882354,0.23529411764705882
0.3006535947712418,0.23529411764705882
0.30718954248366015,0.22875816993464052
0.3137254901960784,0.22875816993464052
0.3202614379084967,0.22875816993464052
0.32679738562091504,0.22875816993464052
0.3333333333333333,0.22875816993464052
0.33986928104575165,0.22875816993464052
0.3464052287581699,0.22875816993464052
0.35294117647058826,0.22875816993464052
0.35947712418300654,0.22875816993464052
0.3660130718954248,0.22875816993464052
0.37254901960784315,0.22875816993464052
0.3790849673202614,0.22875816993464052
0.38562091503267976,0.2222222222222222
0.39215686274509803,0.2222222222222222
0.39869281045751637,0.20915032679738563
0.6928104575163399,0.16993464052287582
0.6938104575163399,0.0
1.0,0.0
