x_val,nn
0.0,1.0
0.0196078431372549,0.9673202614379085
0.026143790849673203,0.9607843137254902
0.032679738562091505,0.954248366013072
0.0392156862745098,0.9411764705882353
0.0457516339869281,0.9150326797385621
0.05228758169934641,0.9084967320261438
0.058823529411764705,0.6601307189542484
0.06535947712418301,0.6535947712418301
0.0718954248366013,0.6535947712418301
0.0784313725490196,0.6470588235294118
0.08496732026143791,0.6405228758169934
0.0915032679738562,0.6339869281045751
0.09803921568627451,0.6339869281045751
0.10457516339869281,0.6078431372549019
0.1111111111111111,0.5424836601307189
0.11764705882352941,0.5228758169934641
0.12418300653594772,0.5228758169934641
0.13071895424836602,0.41830065359477125
0.13725490196078433,0.41830065359477125
0.1437908496732026,0.38562091503267976
0.1503267973856209,0.38562091503267976
0.1568627450980392,0.38562091503267976
0.16339869281045752,0.3137254901960784
0.16993464052287582,0.3137254901960784
0.17647058823529413,0.3137254901960784
0.1830065359477124,0.30718954248366015
0.1895424836601307,0.30718954248366015
0.40522875816993464,0.1568627450980392
0.40622875816993465,0.0
1.0,0.0
