x_val,nn
0.0,1.0
0.006535947712418301,0.9803921568627451
0.013071895424836602,0.9673202614379085
0.0196078431372549,0.934640522875817
0.026143790849673203,0.9150326797385621
0.032679738562091505,0.9084967320261438
0.0392156862745098,0.9019607843137255
0.0457516339869281,0.8954248366013072
0.05228758169934641,0.8888888888888888
0.058823529411764705,0.8823529411764706
0.06535947712418301,0.869281045751634
0.0718954248366013,0.8562091503267973
0.0784313725490196,0.8496732026143791
0.08496732026143791,0.8431372549019608
0.0915032679738562,0.8300653594771242
0.09803921568627451,0.7973856209150327
0.10457516339869281,0.7973856209150327
0.1111111111111111,0.7908496732026143
0.11764705882352941,0.7647058823529411
0.12418300653594772,0.7581699346405228
0.24836601307189543,0.7320261437908496
0.2549019607843137,0.7124183006535948
0.26143790849673204,0.5228758169934641
0.2679738562091503,0.5098039215686274
0.27450980392156865,0.5098039215686274
0.28104575163398693,0.48366013071895425
0.2875816993464052,0.48366013071895425
0.29411764705882354,0.45751633986928103
0.3006535947712418,0.4117647058823529
0.30718954248366015,0.4117647058823529
0.3137254901960784,0.4117647058823529
0.3202614379084967,0.4117647058823529
0.32679738562091504,0.3790849673202614
0.3333333333333333,0.30718954248366015
0.33986928104575165,0.17647058823529413
0.34086928104575165,0.0
1.0,0.0
