x_val,nn
0.0,1.0
0.006535947712418301,0.9803921568627451
0.013071895424836602,0.9738562091503268
0.026143790849673203,0.9607843137254902
0.032679738562091505,0.954248366013072
0.0392156862745098,0.9411764705882353
0.0457516339869281,0.934640522875817
0.05228758169934641,0.9084967320261438
0.058823529411764705,0.9019607843137255
0.06535947712418301,0.8954248366013072
0.0718954248366013,0.8888888888888888
0.0784313725490196,0.8562091503267973
0.08496732026143791,0.8496732026143791
0.0915032679738562,0.7777777777777778
0.09803921568627451,0.7581699346405228
0.10457516339869281,0.7320261437908496
0.24183006535947713,0.7320261437908496
0.24836601307189543,0.7254901960784313
0.2549019607843137,0.7058823529411765
0.26143790849673204,0.6993464052287581
0.2679738562091503,0.6928104575163399
0.27450980392156865,0.673202614379085
0.3137254901960784,0.6601307189542484
0.32679738562091504,0.6601307189542484
0.3333333333333333,0.6209150326797386
0.33986928104575165,0.6078431372549019
0.3464052287581699,0.5947712418300654
0.35294117647058826,0.5882352941176471
0.35947712418300654,0.5751633986928104
0.3660130718954248,0.5686274509803921
0.37254901960784315,0.5620915032679739
0.3790849673202614,0.5490196078431373
0.38562091503267976,0.5424836601307189
0.39215686274509803,0.29411764705882354
0.39869281045751637,0.2875816993464052
0.46405228758169936,0.2875816993464052
0.47058823529411764,0.20261437908496732
0.477124183006536,0.20261437908496732
0.48366013071895425,0.19607843137254902
0.48466013071895425,0.0
1.0,0.0
