x_val,nn
0.0,1.0
0.006535947712418301,0.8366013071895425
0.8888888888888888,0.0196078431372549
0.8898888888888888,0.0
1.0,0.0
