x_val,nn
0.0,1.0
0.006535947712418301,0.9934640522875817
0.013071895424836602,0.9869281045751634
0.0196078431372549,0.9803921568627451
0.026143790849673203,0.9738562091503268
0.032679738562091505,0.9607843137254902
0.0392156862745098,0.954248366013072
0.0457516339869281,0.9477124183006536
0.05228758169934641,0.934640522875817
0.058823529411764705,0.9281045751633987
0.06535947712418301,0.9215686274509803
0.0718954248366013,0.9150326797385621
0.0784313725490196,0.9084967320261438
0.08496732026143791,0.9019607843137255
0.0915032679738562,0.8954248366013072
0.09803921568627451,0.8888888888888888
0.10457516339869281,0.8823529411764706
0.12418300653594772,0.8758169934640523
0.1437908496732026,0.6666666666666666
0.1503267973856209,0.6601307189542484
0.1568627450980392,0.6601307189542484
0.16339869281045752,0.6339869281045751
0.16993464052287582,0.5816993464052288
0.17647058823529413,0.5751633986928104
0.1830065359477124,0.5686274509803921
0.1895424836601307,0.5620915032679739
0.19607843137254902,0.5620915032679739
0.2549019607843137,0.5032679738562091
0.26143790849673204,0.49673202614379086
0.2679738562091503,0.49019607843137253
0.27450980392156865,0.49019607843137253
0.28104575163398693,0.48366013071895425
0.2875816993464052,0.2679738562091503
0.29411764705882354,0.2679738562091503
0.3006535947712418,0.2679738562091503
0.30718954248366015,0.2679738562091503
0.3137254901960784,0.2679738562091503
0.3202614379084967,0.26143790849673204
0.32679738562091504,0.24836601307189543
0.37254901960784315,0.16993464052287582
0.37354901960784315,0.0
1.0,0.0
