x_val,nn
0.0,1.0
0.006535947712418301,0.9934640522875817
0.013071895424836602,0.9869281045751634
0.0196078431372549,0.9803921568627451
0.026143790849673203,0.9738562091503268
0.032679738562091505,0.9673202614379085
0.08496732026143791,0.9150326797385621
0.12418300653594772,0.8627450980392157
0.13071895424836602,0.8496732026143791
0.13725490196078433,0.8366013071895425
0.1437908496732026,0.8300653594771242
0.1895424836601307,0.7973856209150327
0.19607843137254902,0.7908496732026143
0.20261437908496732,0.7777777777777778
0.20915032679738563,0.7647058823529411
0.21568627450980393,0.7581699346405228
0.2875816993464052,0.6993464052287581
0.29411764705882354,0.6928104575163399
0.3006535947712418,0.6209150326797386
0.30718954248366015,0.6143790849673203
0.3137254901960784,0.5947712418300654
0.3202614379084967,0.5947712418300654
0.32679738562091504,0.5882352941176471
0.3333333333333333,0.5359477124183006
0.33986928104575165,0.5228758169934641
0.3464052287581699,0.5163398692810458
0.35294117647058826,0.5098039215686274
0.35947712418300654,0.5032679738562091
0.41830065359477125,0.49019607843137253
0.42483660130718953,0.477124183006536
0.43137254901960786,0.3464052287581699
0.43790849673202614,0.3333333333333333
0.4444444444444444,0.32679738562091504
0.45098039215686275,0.3202614379084967
0.45751633986928103,0.2875816993464052
0.46405228758169936,0.26143790849673204
0.47058823529411764,0.26143790849673204
0.477124183006536,0.2549019607843137
0.48366013071895425,0.2549019607843137
0.5555555555555556,0.24183006535947713
0.5620915032679739,0.24183006535947713
0.5686274509803921,0.23529411764705882
0.5751633986928104,0.22875816993464052
0.5816993464052288,0.21568627450980393
0.5882352941176471,0.20915032679738563
0.5947712418300654,0.20261437908496732
0.6013071895424836,0.20261437908496732
0.6078431372549019,0.20261437908496732
0.6143790849673203,0.20261437908496732
0.6209150326797386,0.1111111111111111
0.6219150326797386,0.0
1.0,0.0
