x_val,nn
0.0,1.0
0.006535947712418301,0.9934640522875817
0.013071895424836602,0.9869281045751634
0.0196078431372549,0.7843137254901961
0.026143790849673203,0.7777777777777778
0.12418300653594772,0.7581699346405228
0.13071895424836602,0.7516339869281046
0.13725490196078433,0.7450980392156863
0.1437908496732026,0.738562091503268
0.1503267973856209,0.7320261437908496
0.1568627450980392,0.7189542483660131
0.16339869281045752,0.7124183006535948
0.16993464052287582,0.7058823529411765
0.17647058823529413,0.6993464052287581
0.1830065359477124,0.6470588235294118
0.20261437908496732,0.6405228758169934
0.20915032679738563,0.6339869281045751
0.21568627450980393,0.37254901960784315
0.2222222222222222,0.37254901960784315
0.22875816993464052,0.3660130718954248
0.23529411764705882,0.3464052287581699
0.2679738562091503,0.3464052287581699
0.27450980392156865,0.33986928104575165
0.28104575163398693,0.33986928104575165
0.2875816993464052,0.33986928104575165
0.39215686274509803,0.3333333333333333
0.39869281045751637,0.32679738562091504
0.40522875816993464,0.1830065359477124
0.40622875816993465,0.0
1.0,0.0
