x_val,nn
0.0,1.0
0.006535947712418301,0.9934640522875817
0.013071895424836602,0.9869281045751634
0.0196078431372549,0.9803921568627451
0.026143790849673203,0.9738562091503268
0.032679738562091505,0.9673202614379085
0.0392156862745098,0.9607843137254902
0.0457516339869281,0.954248366013072
0.05228758169934641,0.9477124183006536
0.058823529411764705,0.9411764705882353
0.06535947712418301,0.934640522875817
0.0718954248366013,0.9281045751633987
0.0784313725490196,0.9215686274509803
0.08496732026143791,0.9150326797385621
0.0915032679738562,0.9084967320261438
0.09803921568627451,0.8954248366013072
0.10457516339869281,0.8104575163398693
0.1111111111111111,0.7843137254901961
0.11764705882352941,0.7777777777777778
0.12418300653594772,0.7712418300653595
0.13071895424836602,0.7647058823529411
0.13725490196078433,0.7581699346405228
0.1437908496732026,0.7516339869281046
0.1503267973856209,0.7450980392156863
0.1568627450980392,0.738562091503268
0.16339869281045752,0.7320261437908496
0.29411764705882354,0.6274509803921569
0.3333333333333333,0.5882352941176471
0.33986928104575165,0.5816993464052288
0.3464052287581699,0.5751633986928104
0.35294117647058826,0.5686274509803921
0.35947712418300654,0.5620915032679739
0.38562091503267976,0.5359477124183006
0.39215686274509803,0.5359477124183006
0.39869281045751637,0.5294117647058824
0.40522875816993464,0.5228758169934641
0.4117647058823529,0.5163398692810458
0.41830065359477125,0.5098039215686274
0.45098039215686275,0.477124183006536
0.45751633986928103,0.47058823529411764
0.46405228758169936,0.37254901960784315
0.47058823529411764,0.3660130718954248
0.477124183006536,0.3464052287581699
0.48366013071895425,0.3464052287581699
0.49019607843137253,0.3137254901960784
0.5490196078431373,0.2679738562091503
0.5555555555555556,0.26143790849673204
0.5947712418300654,0.26143790849673204
0.6013071895424836,0.2549019607843137
0.6078431372549019,0.2549019607843137
0.6143790849673203,0.24836601307189543
0.6209150326797386,0.24836601307189543
0.6274509803921569,0.13071895424836602
0.6284509803921569,0.0
1.0,0.0
