x_val,nn
0.0,1.0
0.0196078431372549,0.9803921568627451
0.026143790849673203,0.9738562091503268
0.032679738562091505,0.9673202614379085
0.0392156862745098,0.9607843137254902
0.0457516339869281,0.954248366013072
0.05228758169934641,0.9477124183006536
0.058823529411764705,0.9411764705882353
0.06535947712418301,0.934640522875817
0.0718954248366013,0.8758169934640523
0.12418300653594772,0.869281045751634
0.13071895424836602,0.8627450980392157
0.13725490196078433,0.7973856209150327
0.1437908496732026,0.7843137254901961
0.1503267973856209,0.7843137254901961
0.1568627450980392,0.7450980392156863
0.16339869281045752,0.7320261437908496
0.16993464052287582,0.7254901960784313
0.17647058823529413,0.7124183006535948
0.1830065359477124,0.6928104575163399
0.1895424836601307,0.46405228758169936
0.29411764705882354,0.45751633986928103
0.3006535947712418,0.45751633986928103
0.30718954248366015,0.4444444444444444
0.3137254901960784,0.43790849673202614
0.3202614379084967,0.43790849673202614
0.32679738562091504,0.43137254901960786
0.3333333333333333,0.42483660130718953
0.33986928104575165,0.41830065359477125
0.3464052287581699,0.41830065359477125
0.35294117647058826,0.41830065359477125
0.35947712418300654,0.22875816993464052
0.39869281045751637,0.22875816993464052
0.40522875816993464,0.2222222222222222
0.4117647058823529,0.20915032679738563
0.41830065359477125,0.20261437908496732
0.42483660130718953,0.20261437908496732
0.43137254901960786,0.20261437908496732
0.43790849673202614,0.1895424836601307
0.43890849673202614,0.0
1.0,0.0
