x_val,nn
0.0,1.0
0.006535947712418301,0.9934640522875817
0.013071895424836602,0.9869281045751634
0.0196078431372549,0.9738562091503268
0.026143790849673203,0.9673202614379085
0.032679738562091505,0.9607843137254902
0.0392156862745098,0.9019607843137255
0.0457516339869281,0.8954248366013072
0.05228758169934641,0.6928104575163399
0.1830065359477124,0.6928104575163399
0.1895424836601307,0.6928104575163399
0.19607843137254902,0.6862745098039216
0.20261437908496732,0.6535947712418301
0.20915032679738563,0.6470588235294118
0.21568627450980393,0.43790849673202614
0.2222222222222222,0.43790849673202614
0.22875816993464052,0.43790849673202614
0.23529411764705882,0.3202614379084967
0.24183006535947713,0.3137254901960784
0.35947712418300654,0.30718954248366015
0.3660130718954248,0.30718954248366015
0.37254901960784315,0.3006535947712418
0.3790849673202614,0.29411764705882354
0.38562091503267976,0.28104575163398693
0.39215686274509803,0.28104575163398693
0.39869281045751637,0.28104575163398693
0.40522875816993464,0.28104575163398693
0.4117647058823529,0.26143790849673204
0.41830065359477125,0.20915032679738563
0.42483660130718953,0.20915032679738563
0.43137254901960786,0.20261437908496732
0.43790849673202614,0.20261437908496732
0.4444444444444444,0.20261437908496732
0.45098039215686275,0.16993464052287582
0.45198039215686275,0.0
1.0,0.0
