x_val,nn
0.0,1.0
0.006535947712418301,0.9869281045751634
0.013071895424836602,0.9803921568627451
0.0196078431372549,0.9607843137254902
0.026143790849673203,0.9477124183006536
0.032679738562091505,0.9411764705882353
0.0392156862745098,0.934640522875817
0.0457516339869281,0.9281045751633987
0.05228758169934641,0.9215686274509803
0.058823529411764705,0.9150326797385621
0.06535947712418301,0.9084967320261438
0.0718954248366013,0.8954248366013072
0.0784313725490196,0.8888888888888888
0.08496732026143791,0.8823529411764706
0.0915032679738562,0.8758169934640523
0.09803921568627451,0.869281045751634
0.10457516339869281,0.8627450980392157
0.1111111111111111,0.8562091503267973
0.11764705882352941,0.8496732026143791
0.12418300653594772,0.8431372549019608
0.13071895424836602,0.8366013071895425
0.13725490196078433,0.8300653594771242
0.1437908496732026,0.8169934640522876
0.1503267973856209,0.803921568627451
0.1568627450980392,0.7973856209150327
0.16339869281045752,0.7908496732026143
0.2549019607843137,0.738562091503268
0.26143790849673204,0.7320261437908496
0.2679738562091503,0.7124183006535948
0.27450980392156865,0.5163398692810458
0.28104575163398693,0.3006535947712418
0.2875816993464052,0.29411764705882354
0.32679738562091504,0.29411764705882354
0.3333333333333333,0.2875816993464052
0.33986928104575165,0.28104575163398693
0.35947712418300654,0.26143790849673204
0.3660130718954248,0.26143790849673204
0.37254901960784315,0.26143790849673204
0.3790849673202614,0.26143790849673204
0.38562091503267976,0.26143790849673204
0.39215686274509803,0.26143790849673204
0.39869281045751637,0.26143790849673204
0.40522875816993464,0.26143790849673204
0.4117647058823529,0.23529411764705882
0.41830065359477125,0.23529411764705882
0.42483660130718953,0.2222222222222222
0.43137254901960786,0.21568627450980393
0.43790849673202614,0.21568627450980393
0.4444444444444444,0.21568627450980393
0.45098039215686275,0.20915032679738563
0.45751633986928103,0.20915032679738563
0.5294117647058824,0.1503267973856209
0.5304117647058824,0.0
1.0,0.0
