x_val,nn
0.0,1.0
0.006535947712418301,0.9934640522875817
0.013071895424836602,0.9869281045751634
0.0196078431372549,0.9803921568627451
0.026143790849673203,0.9084967320261438
0.032679738562091505,0.9019607843137255
0.0392156862745098,0.8888888888888888
0.05228758169934641,0.8823529411764706
0.058823529411764705,0.8758169934640523
0.06535947712418301,0.869281045751634
0.0718954248366013,0.869281045751634
0.0784313725490196,0.8627450980392157
0.08496732026143791,0.8562091503267973
0.0915032679738562,0.8496732026143791
0.09803921568627451,0.8366013071895425
0.10457516339869281,0.8300653594771242
0.1111111111111111,0.7973856209150327
0.13725490196078433,0.7973856209150327
0.1437908496732026,0.5816993464052288
0.1503267973856209,0.5490196078431373
0.1568627450980392,0.5490196078431373
0.16339869281045752,0.5424836601307189
0.16993464052287582,0.5424836601307189
0.17647058823529413,0.45751633986928103
0.1830065359477124,0.45098039215686275
0.1895424836601307,0.3790849673202614
0.45098039215686275,0.3790849673202614
0.45751633986928103,0.3790849673202614
0.46405228758169936,0.37254901960784315
0.47058823529411764,0.37254901960784315
0.477124183006536,0.3660130718954248
0.48366013071895425,0.35947712418300654
0.49019607843137253,0.35947712418300654
0.49673202614379086,0.35947712418300654
0.5032679738562091,0.35294117647058826
0.5098039215686274,0.32679738562091504
0.5163398692810458,0.32679738562091504
0.5228758169934641,0.29411764705882354
0.5686274509803921,0.2875816993464052
0.5751633986928104,0.2875816993464052
0.5816993464052288,0.28104575163398693
0.5882352941176471,0.28104575163398693
0.5947712418300654,0.2222222222222222
0.6013071895424836,0.21568627450980393
0.6078431372549019,0.20915032679738563
0.6143790849673203,0.20915032679738563
0.6209150326797386,0.17647058823529413
0.6219150326797386,0.0
1.0,0.0
