x_val,nn
0.0,1.0
0.006535947712418301,0.9803921568627451
0.013071895424836602,0.9738562091503268
0.032679738562091505,0.9673202614379085
0.0392156862745098,0.9607843137254902
0.0457516339869281,0.954248366013072
0.05228758169934641,0.9215686274509803
0.058823529411764705,0.9150326797385621
0.06535947712418301,0.9084967320261438
0.0718954248366013,0.9019607843137255
0.0784313725490196,0.8954248366013072
0.08496732026143791,0.8888888888888888
0.0915032679738562,0.8823529411764706
0.1111111111111111,0.8627450980392157
0.11764705882352941,0.8562091503267973
0.12418300653594772,0.803921568627451
0.13071895424836602,0.7973856209150327
0.13725490196078433,0.7908496732026143
0.1437908496732026,0.738562091503268
0.1503267973856209,0.7320261437908496
0.1568627450980392,0.7189542483660131
0.16339869281045752,0.7124183006535948
0.16993464052287582,0.7058823529411765
0.17647058823529413,0.5686274509803921
0.1830065359477124,0.43137254901960786
0.1895424836601307,0.38562091503267976
0.19607843137254902,0.38562091503267976
0.20261437908496732,0.3790849673202614
0.20915032679738563,0.37254901960784315
0.21568627450980393,0.3660130718954248
0.2222222222222222,0.30718954248366015
0.22875816993464052,0.30718954248366015
0.23529411764705882,0.30718954248366015
0.24183006535947713,0.30718954248366015
0.24836601307189543,0.29411764705882354
0.2549019607843137,0.2875816993464052
0.26143790849673204,0.2875816993464052
0.2679738562091503,0.1437908496732026
0.2689738562091503,0.0
1.0,0.0
