x_val,nn
0.0,1.0
0.006535947712418301,0.9934640522875817
0.013071895424836602,0.9869281045751634
0.0196078431372549,0.9803921568627451
0.026143790849673203,0.9673202614379085
0.0392156862745098,0.9607843137254902
0.0457516339869281,0.954248366013072
0.06535947712418301,0.934640522875817
0.0718954248366013,0.9281045751633987
0.0784313725490196,0.9215686274509803
0.08496732026143791,0.8954248366013072
0.0915032679738562,0.869281045751634
0.09803921568627451,0.8627450980392157
0.10457516339869281,0.8562091503267973
0.1111111111111111,0.8496732026143791
0.11764705882352941,0.803921568627451
0.12418300653594772,0.7908496732026143
0.20915032679738563,0.7908496732026143
0.21568627450980393,0.7843137254901961
0.2222222222222222,0.7777777777777778
0.22875816993464052,0.7712418300653595
0.23529411764705882,0.7647058823529411
0.24183006535947713,0.7581699346405228
0.24836601307189543,0.7516339869281046
0.2549019607843137,0.7058823529411765
0.26143790849673204,0.673202614379085
0.2679738562091503,0.4444444444444444
0.27450980392156865,0.42483660130718953
0.28104575163398693,0.41830065359477125
0.2875816993464052,0.41830065359477125
0.29411764705882354,0.40522875816993464
0.3006535947712418,0.40522875816993464
0.30718954248366015,0.40522875816993464
0.3137254901960784,0.3137254901960784
0.3202614379084967,0.30718954248366015
0.32679738562091504,0.30718954248366015
0.3333333333333333,0.17647058823529413
0.3343333333333333,0.0
1.0,0.0
