x_val,nn
0.0,1.0
0.006535947712418301,0.9869281045751634
0.013071895424836602,0.9803921568627451
0.0196078431372549,0.9738562091503268
0.026143790849673203,0.9673202614379085
0.0392156862745098,0.9607843137254902
0.0457516339869281,0.954248366013072
0.05228758169934641,0.9477124183006536
0.058823529411764705,0.9411764705882353
0.06535947712418301,0.934640522875817
0.0718954248366013,0.9150326797385621
0.0784313725490196,0.9084967320261438
0.08496732026143791,0.9019607843137255
0.0915032679738562,0.8954248366013072
0.1111111111111111,0.8496732026143791
0.11764705882352941,0.8235294117647058
0.12418300653594772,0.803921568627451
0.13071895424836602,0.7908496732026143
0.17647058823529413,0.7843137254901961
0.1830065359477124,0.7777777777777778
0.1895424836601307,0.7647058823529411
0.19607843137254902,0.7581699346405228
0.20915032679738563,0.7516339869281046
0.21568627450980393,0.7450980392156863
0.2222222222222222,0.7254901960784313
0.24183006535947713,0.7189542483660131
0.24836601307189543,0.7058823529411765
0.2549019607843137,0.6993464052287581
0.26143790849673204,0.6928104575163399
0.2679738562091503,0.6862745098039216
0.27450980392156865,0.6797385620915033
0.2875816993464052,0.6666666666666666
0.29411764705882354,0.6535947712418301
0.3006535947712418,0.6470588235294118
0.30718954248366015,0.5032679738562091
0.3137254901960784,0.5032679738562091
0.3202614379084967,0.49673202614379086
0.32679738562091504,0.48366013071895425
0.3333333333333333,0.45098039215686275
0.33986928104575165,0.19607843137254902
0.34086928104575165,0.0
1.0,0.0
