x_val,nn
0.0,1.0
0.006535947712418301,0.9477124183006536
0.013071895424836602,0.9411764705882353
0.0196078431372549,0.934640522875817
0.026143790849673203,0.9281045751633987
0.032679738562091505,0.9215686274509803
0.0392156862745098,0.8954248366013072
0.0457516339869281,0.8888888888888888
0.0718954248366013,0.8823529411764706
0.0784313725490196,0.8758169934640523
0.08496732026143791,0.869281045751634
0.0915032679738562,0.8627450980392157
0.09803921568627451,0.8562091503267973
0.10457516339869281,0.8496732026143791
0.1111111111111111,0.8366013071895425
0.11764705882352941,0.8300653594771242
0.12418300653594772,0.803921568627451
0.1568627450980392,0.7973856209150327
0.16339869281045752,0.7908496732026143
0.16993464052287582,0.7843137254901961
0.17647058823529413,0.7777777777777778
0.1830065359477124,0.7712418300653595
0.1895424836601307,0.7647058823529411
0.19607843137254902,0.7516339869281046
0.20261437908496732,0.738562091503268
0.20915032679738563,0.7320261437908496
0.21568627450980393,0.7189542483660131
0.24183006535947713,0.7124183006535948
0.24836601307189543,0.7058823529411765
0.2549019607843137,0.49019607843137253
0.26143790849673204,0.19607843137254902
0.26243790849673204,0.0
1.0,0.0
