x_val,nn
0.0,1.0
0.006535947712418301,0.9934640522875817
0.013071895424836602,0.9869281045751634
0.0196078431372549,0.9803921568627451
0.026143790849673203,0.9738562091503268
0.032679738562091505,0.9673202614379085
0.0392156862745098,0.9607843137254902
0.0457516339869281,0.954248366013072
0.05228758169934641,0.9477124183006536
0.058823529411764705,0.9411764705882353
0.06535947712418301,0.934640522875817
0.0718954248366013,0.9281045751633987
0.0784313725490196,0.8888888888888888
0.08496732026143791,0.8823529411764706
0.0915032679738562,0.8758169934640523
0.09803921568627451,0.7777777777777778
0.10457516339869281,0.7712418300653595
0.1111111111111111,0.7647058823529411
0.11764705882352941,0.7581699346405228
0.12418300653594772,0.7516339869281046
0.13071895424836602,0.7124183006535948
0.13725490196078433,0.7124183006535948
0.1437908496732026,0.5294117647058824
0.1503267973856209,0.5163398692810458
0.20261437908496732,0.5163398692810458
0.20915032679738563,0.5163398692810458
0.21568627450980393,0.5163398692810458
0.2222222222222222,0.49673202614379086
0.22875816993464052,0.47058823529411764
0.23529411764705882,0.47058823529411764
0.24183006535947713,0.37254901960784315
0.24836601307189543,0.37254901960784315
0.2549019607843137,0.3660130718954248
0.37254901960784315,0.3660130718954248
0.3790849673202614,0.3660130718954248
0.38562091503267976,0.3660130718954248
0.39215686274509803,0.3660130718954248
0.39869281045751637,0.35947712418300654
0.40522875816993464,0.35947712418300654
0.4117647058823529,0.35294117647058826
0.41830065359477125,0.35294117647058826
0.42483660130718953,0.3464052287581699
0.45751633986928103,0.3137254901960784
0.46405228758169936,0.30718954248366015
0.47058823529411764,0.3006535947712418
0.477124183006536,0.22875816993464052
0.48366013071895425,0.22875816993464052
0.49019607843137253,0.2222222222222222
0.49673202614379086,0.2222222222222222
0.5490196078431373,0.2222222222222222
0.5555555555555556,0.21568627450980393
0.5620915032679739,0.17647058823529413
0.5630915032679739,0.0
1.0,0.0
