x_val,nn
0.0,1.0
0.006711409395973154,0.9932885906040269
0.013422818791946308,0.9865771812080537
0.020134228187919462,0.9731543624161074
0.026845637583892617,0.9664429530201343
0.03355704697986577,0.9530201342281879
0.040268456375838924,0.9463087248322147
0.04697986577181208,0.9395973154362416
0.053691275167785234,0.9328859060402684
0.06040268456375839,0.9261744966442953
0.06711409395973154,0.87248322147651
0.0738255033557047,0.8657718120805369
0.08053691275167785,0.8590604026845637
0.087248322147651,0.8456375838926175
0.09395973154362416,0.8389261744966443
0.10067114093959731,0.8322147651006712
0.10738255033557047,0.7785234899328859
0.11409395973154363,0.738255033557047
0.12080536912751678,0.7315436241610739
0.12751677852348994,0.7315436241610739
0.1342281879194631,0.7248322147651006
0.14093959731543623,0.7181208053691275
0.1476510067114094,0.697986577181208
0.15436241610738255,0.6912751677852349
0.1610738255033557,0.6778523489932886
0.16778523489932887,0.6577181208053692
0.174496644295302,0.33557046979865773
0.18120805369127516,0.33557046979865773
0.18791946308724833,0.3288590604026846
0.19463087248322147,0.3288590604026846
0.20134228187919462,0.3288590604026846
0.2080536912751678,0.28859060402684567
0.21476510067114093,0.28187919463087246
0.42953020134228187,0.28187919463087246
0.436241610738255,0.28187919463087246
0.4429530201342282,0.28187919463087246
0.4563758389261745,0.28187919463087246
0.46308724832214765,0.24161073825503357
0.4697986577181208,0.24161073825503357
0.5167785234899329,0.24161073825503357
0.5234899328859061,0.2348993288590604
0.5302013422818792,0.2348993288590604
0.5369127516778524,0.2348993288590604
0.5436241610738255,0.2348993288590604
0.5503355704697986,0.22818791946308725
0.5570469798657718,0.20134228187919462
0.5637583892617449,0.20134228187919462
0.5704697986577181,0.18791946308724833
0.5714697986577181,0.0
1.0,0.0
