x_val,nn
0.0,1.0
0.006711409395973154,0.9932885906040269
0.013422818791946308,0.9731543624161074
0.020134228187919462,0.9664429530201343
0.026845637583892617,0.4697986577181208
0.04697986577181208,0.4697986577181208
0.053691275167785234,0.46308724832214765
0.06040268456375839,0.4563758389261745
0.06711409395973154,0.44966442953020136
0.0738255033557047,0.44966442953020136
0.08053691275167785,0.4429530201342282
0.087248322147651,0.4429530201342282
0.09395973154362416,0.436241610738255
0.10067114093959731,0.436241610738255
0.10738255033557047,0.436241610738255
0.11409395973154363,0.42953020134228187
0.12080536912751678,0.42953020134228187
0.12751677852348994,0.4228187919463087
0.1476510067114094,0.4161073825503356
0.15436241610738255,0.40268456375838924
0.1610738255033557,0.3959731543624161
0.16778523489932887,0.3959731543624161
0.174496644295302,0.3959731543624161
0.18120805369127516,0.38926174496644295
0.18791946308724833,0.3825503355704698
0.19463087248322147,0.3825503355704698
0.20134228187919462,0.37583892617449666
0.2080536912751678,0.37583892617449666
0.21476510067114093,0.3624161073825503
0.2214765100671141,0.3624161073825503
0.22818791946308725,0.3624161073825503
0.2348993288590604,0.35570469798657717
0.24161073825503357,0.35570469798657717
0.2684563758389262,0.35570469798657717
0.2751677852348993,0.30201342281879195
0.28187919463087246,0.30201342281879195
0.28859060402684567,0.30201342281879195
0.2953020134228188,0.28187919463087246
0.30201342281879195,0.28187919463087246
0.3087248322147651,0.2751677852348993
0.31543624161073824,0.2751677852348993
0.38926174496644295,0.2751677852348993
0.3959731543624161,0.2751677852348993
0.40268456375838924,0.2684563758389262
0.40939597315436244,0.26174496644295303
0.4161073825503356,0.26174496644295303
0.4228187919463087,0.26174496644295303
0.42953020134228187,0.2550335570469799
0.436241610738255,0.2348993288590604
0.4429530201342282,0.2348993288590604
0.44966442953020136,0.20134228187919462
0.5570469798657718,0.20134228187919462
0.5637583892617449,0.20134228187919462
0.5704697986577181,0.19463087248322147
0.5714697986577181,0.0
1.0,0.0
