x_val,nn
0.0,1.0
0.006711409395973154,0.9932885906040269
0.013422818791946308,0.9731543624161074
0.020134228187919462,0.9664429530201343
0.026845637583892617,0.959731543624161
0.03355704697986577,0.9530201342281879
0.040268456375838924,0.9395973154362416
0.0738255033557047,0.9261744966442953
0.08053691275167785,0.9194630872483222
0.087248322147651,0.7516778523489933
0.09395973154362416,0.6912751677852349
0.10067114093959731,0.6912751677852349
0.10738255033557047,0.6845637583892618
0.11409395973154363,0.6711409395973155
0.12080536912751678,0.6644295302013423
0.12751677852348994,0.6577181208053692
0.1342281879194631,0.6510067114093959
0.14093959731543623,0.5704697986577181
0.1476510067114094,0.5637583892617449
0.15436241610738255,0.5570469798657718
0.1610738255033557,0.5503355704697986
0.16778523489932887,0.5503355704697986
0.174496644295302,0.5503355704697986
0.18120805369127516,0.5436241610738255
0.18791946308724833,0.5302013422818792
0.19463087248322147,0.5302013422818792
0.20134228187919462,0.5234899328859061
0.2080536912751678,0.5234899328859061
0.28187919463087246,0.5167785234899329
0.28859060402684567,0.5167785234899329
0.2953020134228188,0.5100671140939598
0.30201342281879195,0.5033557046979866
0.3087248322147651,0.4966442953020134
0.31543624161073824,0.4899328859060403
0.3221476510067114,0.4899328859060403
0.3288590604026846,0.4899328859060403
0.35570469798657717,0.47651006711409394
0.3624161073825503,0.4697986577181208
0.3691275167785235,0.4161073825503356
0.37583892617449666,0.40939597315436244
0.38926174496644295,0.40939597315436244
0.3959731543624161,0.40268456375838924
0.4429530201342282,0.40268456375838924
0.46308724832214765,0.40268456375838924
0.4697986577181208,0.33557046979865773
0.5637583892617449,0.33557046979865773
0.5704697986577181,0.3221476510067114
0.5771812080536913,0.2953020134228188
0.5838926174496645,0.28859060402684567
0.5906040268456376,0.28187919463087246
0.5973154362416108,0.2684563758389262
0.6040268456375839,0.26174496644295303
0.610738255033557,0.26174496644295303
0.6174496644295302,0.24161073825503357
0.6241610738255033,0.24161073825503357
0.6308724832214765,0.21476510067114093
0.6375838926174496,0.21476510067114093
0.6442953020134228,0.21476510067114093
0.6510067114093959,0.16778523489932887
0.6520067114093959,0.0
1.0,0.0
