x_val,nn
0.0,1.0
0.006711409395973154,0.9932885906040269
0.013422818791946308,0.9865771812080537
0.020134228187919462,0.9731543624161074
0.026845637583892617,0.8523489932885906
0.03355704697986577,0.825503355704698
0.09395973154362416,0.7919463087248322
0.10067114093959731,0.7583892617449665
0.1342281879194631,0.7516778523489933
0.14093959731543623,0.6778523489932886
0.1476510067114094,0.6711409395973155
0.15436241610738255,0.6711409395973155
0.1610738255033557,0.6510067114093959
0.16778523489932887,0.5906040268456376
0.174496644295302,0.5906040268456376
0.18120805369127516,0.5838926174496645
0.18791946308724833,0.5302013422818792
0.19463087248322147,0.5302013422818792
0.20134228187919462,0.5033557046979866
0.3221476510067114,0.4966442953020134
0.3288590604026846,0.4899328859060403
0.33557046979865773,0.436241610738255
0.3422818791946309,0.42953020134228187
0.348993288590604,0.4228187919463087
0.35570469798657717,0.4228187919463087
0.40939597315436244,0.4228187919463087
0.4161073825503356,0.4161073825503356
0.4228187919463087,0.40939597315436244
0.42953020134228187,0.40268456375838924
0.436241610738255,0.40268456375838924
0.4429530201342282,0.3959731543624161
0.48322147651006714,0.3959731543624161
0.4899328859060403,0.38926174496644295
0.4966442953020134,0.3825503355704698
0.5033557046979866,0.3691275167785235
0.5100671140939598,0.3691275167785235
0.5167785234899329,0.3624161073825503
0.5234899328859061,0.35570469798657717
0.5302013422818792,0.35570469798657717
0.5369127516778524,0.348993288590604
0.5436241610738255,0.348993288590604
0.5637583892617449,0.348993288590604
0.5704697986577181,0.2684563758389262
0.5771812080536913,0.2684563758389262
0.5838926174496645,0.2684563758389262
0.5906040268456376,0.24161073825503357
0.5973154362416108,0.2348993288590604
0.6040268456375839,0.2348993288590604
0.610738255033557,0.2348993288590604
0.6174496644295302,0.2214765100671141
0.6241610738255033,0.21476510067114093
0.6308724832214765,0.2080536912751678
0.6375838926174496,0.1610738255033557
0.6385838926174496,0.0
1.0,0.0
