x_val,nn
0.0,1.0
0.006711409395973154,0.9932885906040269
0.013422818791946308,0.9865771812080537
0.020134228187919462,0.9328859060402684
0.026845637583892617,0.9261744966442953
0.03355704697986577,0.912751677852349
0.040268456375838924,0.9060402684563759
0.04697986577181208,0.8993288590604027
0.053691275167785234,0.8926174496644296
0.06040268456375839,0.8523489932885906
0.06711409395973154,0.8456375838926175
0.0738255033557047,0.8389261744966443
0.08053691275167785,0.8322147651006712
0.087248322147651,0.825503355704698
0.09395973154362416,0.8187919463087249
0.10067114093959731,0.8120805369127517
0.10738255033557047,0.8053691275167785
0.11409395973154363,0.7986577181208053
0.12080536912751678,0.7046979865771812
0.12751677852348994,0.697986577181208
0.1342281879194631,0.697986577181208
0.14093959731543623,0.697986577181208
0.1476510067114094,0.697986577181208
0.15436241610738255,0.6912751677852349
0.1610738255033557,0.6845637583892618
0.16778523489932887,0.6778523489932886
0.174496644295302,0.6577181208053692
0.18120805369127516,0.4429530201342282
0.18791946308724833,0.436241610738255
0.19463087248322147,0.40268456375838924
0.20134228187919462,0.40268456375838924
0.2080536912751678,0.38926174496644295
0.21476510067114093,0.38926174496644295
0.2214765100671141,0.3825503355704698
0.22818791946308725,0.37583892617449666
0.2348993288590604,0.37583892617449666
0.24161073825503357,0.3691275167785235
0.2483221476510067,0.3624161073825503
0.2550335570469799,0.348993288590604
0.26174496644295303,0.30201342281879195
0.2684563758389262,0.28859060402684567
0.40268456375838924,0.28859060402684567
0.40939597315436244,0.28187919463087246
0.4161073825503356,0.2751677852348993
0.4228187919463087,0.2751677852348993
0.42953020134228187,0.2751677852348993
0.436241610738255,0.2751677852348993
0.4429530201342282,0.18791946308724833
0.4439530201342282,0.0
1.0,0.0
