x_val,nn
0.0,1.0
0.006711409395973154,0.9932885906040269
0.013422818791946308,0.9865771812080537
0.020134228187919462,0.8187919463087249
0.026845637583892617,0.7986577181208053
0.03355704697986577,0.7919463087248322
0.040268456375838924,0.785234899328859
0.04697986577181208,0.7785234899328859
0.053691275167785234,0.7583892617449665
0.06040268456375839,0.7516778523489933
0.06711409395973154,0.7449664429530202
0.0738255033557047,0.7449664429530202
0.08053691275167785,0.7449664429530202
0.087248322147651,0.738255033557047
0.09395973154362416,0.7315436241610739
0.10067114093959731,0.7248322147651006
0.10738255033557047,0.7248322147651006
0.11409395973154363,0.7181208053691275
0.12080536912751678,0.7114093959731543
0.12751677852348994,0.6644295302013423
0.1342281879194631,0.6577181208053692
0.14093959731543623,0.6040268456375839
0.1476510067114094,0.5973154362416108
0.15436241610738255,0.5973154362416108
0.1610738255033557,0.5838926174496645
0.16778523489932887,0.5771812080536913
0.174496644295302,0.5704697986577181
0.18120805369127516,0.5637583892617449
0.18791946308724833,0.5570469798657718
0.30201342281879195,0.5570469798657718
0.3087248322147651,0.5503355704697986
0.31543624161073824,0.5503355704697986
0.3221476510067114,0.4899328859060403
0.40268456375838924,0.4697986577181208
0.40939597315436244,0.46308724832214765
0.4161073825503356,0.4563758389261745
0.4563758389261745,0.4161073825503356
0.4697986577181208,0.4161073825503356
0.47651006711409394,0.37583892617449666
0.48322147651006714,0.3691275167785235
0.4899328859060403,0.3624161073825503
0.4966442953020134,0.35570469798657717
0.5033557046979866,0.24161073825503357
0.5100671140939598,0.2348993288590604
0.5167785234899329,0.2214765100671141
0.5234899328859061,0.18791946308724833
0.5244899328859061,0.0
1.0,0.0
