x_val,nn
0.0,1.0
0.006711409395973154,0.9932885906040269
0.013422818791946308,0.9865771812080537
0.020134228187919462,0.9798657718120806
0.026845637583892617,0.9731543624161074
0.03355704697986577,0.9664429530201343
0.040268456375838924,0.959731543624161
0.06040268456375839,0.9395973154362416
0.06711409395973154,0.9261744966442953
0.0738255033557047,0.9194630872483222
0.08053691275167785,0.912751677852349
0.087248322147651,0.8791946308724832
0.09395973154362416,0.87248322147651
0.10067114093959731,0.8657718120805369
0.15436241610738255,0.8456375838926175
0.1610738255033557,0.8389261744966443
0.16778523489932887,0.7986577181208053
0.174496644295302,0.7583892617449665
0.21476510067114093,0.7516778523489933
0.2214765100671141,0.738255033557047
0.22818791946308725,0.7315436241610739
0.2348993288590604,0.7248322147651006
0.24161073825503357,0.7046979865771812
0.2483221476510067,0.7046979865771812
0.2550335570469799,0.6308724832214765
0.26174496644295303,0.6241610738255033
0.2684563758389262,0.6174496644295302
0.2751677852348993,0.610738255033557
0.28187919463087246,0.6040268456375839
0.28859060402684567,0.5973154362416108
0.2953020134228188,0.5906040268456376
0.30201342281879195,0.5570469798657718
0.3087248322147651,0.4966442953020134
0.31543624161073824,0.44966442953020136
0.3221476510067114,0.4429530201342282
0.3288590604026846,0.4429530201342282
0.33557046979865773,0.3624161073825503
0.3422818791946309,0.19463087248322147
0.3432818791946309,0.0
1.0,0.0
