x_val,nn
0.0,1.0
0.006711409395973154,0.9932885906040269
0.013422818791946308,0.9865771812080537
0.020134228187919462,0.9798657718120806
0.026845637583892617,0.9664429530201343
0.03355704697986577,0.959731543624161
0.040268456375838924,0.9530201342281879
0.04697986577181208,0.9463087248322147
0.053691275167785234,0.9395973154362416
0.06040268456375839,0.9328859060402684
0.06711409395973154,0.9261744966442953
0.0738255033557047,0.9194630872483222
0.08053691275167785,0.912751677852349
0.087248322147651,0.9060402684563759
0.09395973154362416,0.8993288590604027
0.10067114093959731,0.8926174496644296
0.10738255033557047,0.8859060402684564
0.11409395973154363,0.8791946308724832
0.12080536912751678,0.87248322147651
0.12751677852348994,0.8590604026845637
0.1476510067114094,0.8322147651006712
0.15436241610738255,0.4966442953020134
0.1610738255033557,0.3288590604026846
0.16778523489932887,0.3288590604026846
0.174496644295302,0.3221476510067114
0.18120805369127516,0.3221476510067114
0.18791946308724833,0.31543624161073824
0.19463087248322147,0.31543624161073824
0.20134228187919462,0.31543624161073824
0.2080536912751678,0.3087248322147651
0.21476510067114093,0.2751677852348993
0.2214765100671141,0.2684563758389262
0.22818791946308725,0.2684563758389262
0.2348993288590604,0.26174496644295303
0.24161073825503357,0.26174496644295303
0.2483221476510067,0.26174496644295303
0.2550335570469799,0.26174496644295303
0.26174496644295303,0.26174496644295303
0.2684563758389262,0.1610738255033557
0.2694563758389262,0.0
1.0,0.0
