x_val,nn
0.0,1.0
0.006711409395973154,0.9932885906040269
0.013422818791946308,0.9865771812080537
0.020134228187919462,0.9798657718120806
0.026845637583892617,0.9731543624161074
0.03355704697986577,0.9664429530201343
0.040268456375838924,0.959731543624161
0.04697986577181208,0.9530201342281879
0.053691275167785234,0.9463087248322147
0.06040268456375839,0.9328859060402684
0.06711409395973154,0.9261744966442953
0.0738255033557047,0.9194630872483222
0.08053691275167785,0.5973154362416108
0.087248322147651,0.5973154362416108
0.09395973154362416,0.5973154362416108
0.10067114093959731,0.5637583892617449
0.10738255033557047,0.5637583892617449
0.15436241610738255,0.5570469798657718
0.1610738255033557,0.5503355704697986
0.16778523489932887,0.5503355704697986
0.174496644295302,0.5436241610738255
0.18120805369127516,0.5436241610738255
0.18791946308724833,0.5436241610738255
0.19463087248322147,0.5369127516778524
0.20134228187919462,0.5369127516778524
0.2080536912751678,0.5302013422818792
0.21476510067114093,0.5234899328859061
0.2214765100671141,0.5100671140939598
0.3288590604026846,0.5100671140939598
0.33557046979865773,0.4966442953020134
0.3422818791946309,0.4899328859060403
0.348993288590604,0.48322147651006714
0.35570469798657717,0.47651006711409394
0.3624161073825503,0.47651006711409394
0.38926174496644295,0.4563758389261745
0.3959731543624161,0.44966442953020136
0.40268456375838924,0.4429530201342282
0.40939597315436244,0.4228187919463087
0.4161073825503356,0.4228187919463087
0.4228187919463087,0.4228187919463087
0.42953020134228187,0.40939597315436244
0.44966442953020136,0.40939597315436244
0.4563758389261745,0.40268456375838924
0.46308724832214765,0.3959731543624161
0.4697986577181208,0.38926174496644295
0.47651006711409394,0.38926174496644295
0.48322147651006714,0.38926174496644295
0.4899328859060403,0.19463087248322147
0.4909328859060403,0.0
1.0,0.0
