x_val,nn
0.0,1.0
0.006711409395973154,0.9932885906040269
0.013422818791946308,0.9798657718120806
0.020134228187919462,0.9731543624161074
0.026845637583892617,0.9664429530201343
0.03355704697986577,0.959731543624161
0.040268456375838924,0.9530201342281879
0.04697986577181208,0.8859060402684564
0.053691275167785234,0.8791946308724832
0.06040268456375839,0.87248322147651
0.06711409395973154,0.8657718120805369
0.1342281879194631,0.8657718120805369
0.14093959731543623,0.8590604026845637
0.1476510067114094,0.8523489932885906
0.15436241610738255,0.8456375838926175
0.1610738255033557,0.8389261744966443
0.16778523489932887,0.825503355704698
0.174496644295302,0.8053691275167785
0.18120805369127516,0.7986577181208053
0.18791946308724833,0.785234899328859
0.19463087248322147,0.7718120805369127
0.20134228187919462,0.7651006711409396
0.2080536912751678,0.7583892617449665
0.2348993288590604,0.7516778523489933
0.24161073825503357,0.5234899328859061
0.2483221476510067,0.5234899328859061
0.2550335570469799,0.5234899328859061
0.26174496644295303,0.5234899328859061
0.2684563758389262,0.5234899328859061
0.2751677852348993,0.5167785234899329
0.28187919463087246,0.5167785234899329
0.348993288590604,0.2953020134228188
0.35570469798657717,0.2953020134228188
0.3624161073825503,0.18120805369127516
0.3634161073825503,0.0
1.0,0.0
