x_val,nn
0.0,1.0
0.023809523809523808,0.8333333333333334
0.047619047619047616,0.6904761904761905
0.47619047619047616,0.4523809523809524
0.6666666666666666,0.2619047619047619
0.6904761904761905,0.07142857142857142
0.6914761904761905,0.0
1.0,0.0
