x_val,nn
0.0,1.0
0.023809523809523808,0.8571428571428571
0.047619047619047616,0.7142857142857143
0.07142857142857142,0.5238095238095238
0.5952380952380952,0.3333333333333333
0.6190476190476191,0.2619047619047619
0.6428571428571429,0.21428571428571427
0.6666666666666666,0.14285714285714285
0.6676666666666666,0.0
1.0,0.0
