x_val,nn
0.0,1.0
0.006535947712418301,0.8431372549019608
0.013071895424836602,0.8300653594771242
0.0196078431372549,0.8169934640522876
0.026143790849673203,0.7581699346405228
0.032679738562091505,0.7516339869281046
0.0392156862745098,0.738562091503268
0.8823529411764706,0.0196078431372549
0.8833529411764706,0.0
1.0,0.0
