x_val,nn
0.0,1.0
0.006711409395973154,0.87248322147651
0.013422818791946308,0.8590604026845637
0.020134228187919462,0.8523489932885906
0.026845637583892617,0.8322147651006712
0.03355704697986577,0.8187919463087249
0.040268456375838924,0.8053691275167785
0.04697986577181208,0.7986577181208053
0.053691275167785234,0.7785234899328859
0.06040268456375839,0.7651006711409396
0.06711409395973154,0.7516778523489933
0.0738255033557047,0.7248322147651006
0.08053691275167785,0.7114093959731543
0.087248322147651,0.6510067114093959
0.09395973154362416,0.6040268456375839
0.10067114093959731,0.5570469798657718
0.10738255033557047,0.5369127516778524
0.11409395973154363,0.5234899328859061
0.12080536912751678,0.5167785234899329
0.12751677852348994,0.4697986577181208
0.1342281879194631,0.026845637583892617
0.1352281879194631,0.0
1.0,0.0
