x_val,nn
0.0,1.0
0.006711409395973154,0.8791946308724832
0.013422818791946308,0.8590604026845637
0.020134228187919462,0.8322147651006712
0.026845637583892617,0.8120805369127517
0.03355704697986577,0.8053691275167785
0.040268456375838924,0.020134228187919462
0.041268456375838924,0.0
1.0,0.0
