x_val,nn
0.0,1.0
0.006329113924050633,0.8417721518987342
0.012658227848101266,0.8227848101265823
0.0189873417721519,0.8164556962025317
0.02531645569620253,0.8037974683544303
0.8924050632911392,0.012658227848101266
0.8934050632911392,0.0
1.0,0.0
