x_val,y_val
0.0,1.0
0.01,0.8347011117784144
0.02,0.7981034820053451
0.03,0.7534030360583936
0.04,0.6988057880877974
0.06,0.6321205588285588
0.07,0.5506710358827788
0.08,0.5506710358827788
0.09,0.4511883639059732
0.1,0.4408162176092843
0.13,0.3296799539643612
0.14,0.32575519260764263
0.15,0.3217358586881115
0.16,0.32163897947742554
0.17,0.3174695852990144
0.18,0.31319595626614305
0.26,0.18126924692201793
0.27,0.17371636163360055
1.0,0.0
