x_val,y_val
0.0,1.0
0.01,0.8347011117784144
0.02,0.7981034820053451
0.03,0.7534030360583936
0.04,0.6988057880877974
0.05,0.5506710358827788
0.06,0.45118836390597317
0.07,0.45118836390597317
0.08,0.3296799539643613
0.09,0.3221872277378985
0.12,0.18126924692201785
0.13,0.1791366675464647
0.14,0.17695331247149365
0.15,0.17690131326124636
0.16,0.1746374452053587
0.17,0.17231767917278246
0.99,1.0
1.0,0.0
1.0,0.0
