x_val,nn
0.0,1.0
0.006535947712418301,0.8888888888888888
0.013071895424836602,0.8823529411764706
0.0196078431372549,0.8758169934640523
0.026143790849673203,0.869281045751634
0.032679738562091505,0.8627450980392157
0.0392156862745098,0.8562091503267973
0.06535947712418301,0.8431372549019608
0.0718954248366013,0.8366013071895425
0.0784313725490196,0.8300653594771242
0.08496732026143791,0.8235294117647058
0.0915032679738562,0.803921568627451
0.09803921568627451,0.7777777777777778
0.10457516339869281,0.7581699346405228
0.1111111111111111,0.7516339869281046
0.11764705882352941,0.7516339869281046
0.12418300653594772,0.7450980392156863
0.13071895424836602,0.738562091503268
0.21568627450980393,0.6797385620915033
0.2222222222222222,0.673202614379085
0.24836601307189543,0.6078431372549019
0.2679738562091503,0.6078431372549019
0.3137254901960784,0.5620915032679739
0.39215686274509803,0.48366013071895425
0.43137254901960786,0.4444444444444444
0.43790849673202614,0.43790849673202614
0.4444444444444444,0.43137254901960786
0.45098039215686275,0.42483660130718953
0.45751633986928103,0.41830065359477125
0.46405228758169936,0.40522875816993464
0.47058823529411764,0.39869281045751637
0.477124183006536,0.39215686274509803
0.48366013071895425,0.38562091503267976
0.49019607843137253,0.3790849673202614
0.49673202614379086,0.3660130718954248
0.5032679738562091,0.35294117647058826
0.5098039215686274,0.3464052287581699
0.5163398692810458,0.33986928104575165
0.5228758169934641,0.3333333333333333
0.5294117647058824,0.32679738562091504
0.5359477124183006,0.3202614379084967
0.5424836601307189,0.23529411764705882
0.5490196078431373,0.23529411764705882
0.5555555555555556,0.23529411764705882
0.5620915032679739,0.2222222222222222
0.5686274509803921,0.20915032679738563
0.5751633986928104,0.1830065359477124
0.5761633986928104,0.0
1.0,0.0
