x_val,nn
0.0,1.0
0.006535947712418301,0.9934640522875817
0.013071895424836602,0.9869281045751634
0.0196078431372549,0.9673202614379085
0.026143790849673203,0.9607843137254902
0.032679738562091505,0.954248366013072
0.1437908496732026,0.7777777777777778
0.1503267973856209,0.7712418300653595
0.1568627450980392,0.7647058823529411
0.16339869281045752,0.7581699346405228
0.16993464052287582,0.7516339869281046
0.17647058823529413,0.7450980392156863
0.1830065359477124,0.738562091503268
0.22875816993464052,0.6928104575163399
0.2679738562091503,0.6535947712418301
0.27450980392156865,0.6405228758169934
0.28104575163398693,0.6339869281045751
0.2875816993464052,0.6209150326797386
0.29411764705882354,0.5555555555555556
0.3006535947712418,0.30718954248366015
0.3202614379084967,0.30718954248366015
0.32679738562091504,0.3006535947712418
0.3333333333333333,0.29411764705882354
0.33986928104575165,0.2875816993464052
0.3464052287581699,0.2875816993464052
0.35294117647058826,0.2875816993464052
0.35947712418300654,0.2679738562091503
0.3660130718954248,0.2549019607843137
0.37254901960784315,0.2549019607843137
0.3790849673202614,0.2549019607843137
0.38562091503267976,0.24836601307189543
0.39215686274509803,0.24183006535947713
0.39869281045751637,0.23529411764705882
0.40522875816993464,0.2222222222222222
0.4117647058823529,0.2222222222222222
0.41830065359477125,0.1830065359477124
0.41930065359477126,0.0
1.0,0.0
