x_val,nn
0.0,1.0
0.006535947712418301,0.9934640522875817
0.013071895424836602,0.9869281045751634
0.0196078431372549,0.9803921568627451
0.026143790849673203,0.9738562091503268
0.032679738562091505,0.9673202614379085
0.0392156862745098,0.9607843137254902
0.0457516339869281,0.954248366013072
0.05228758169934641,0.9477124183006536
0.058823529411764705,0.9411764705882353
0.06535947712418301,0.9084967320261438
0.0718954248366013,0.8954248366013072
0.0784313725490196,0.8888888888888888
0.08496732026143791,0.8823529411764706
0.0915032679738562,0.8758169934640523
0.12418300653594772,0.869281045751634
0.13071895424836602,0.8627450980392157
0.13725490196078433,0.8104575163398693
0.1437908496732026,0.803921568627451
0.1503267973856209,0.7777777777777778
0.1568627450980392,0.7712418300653595
0.22875816993464052,0.7647058823529411
0.23529411764705882,0.7581699346405228
0.24183006535947713,0.7516339869281046
0.24836601307189543,0.7450980392156863
0.2549019607843137,0.5032679738562091
0.26143790849673204,0.5032679738562091
0.2679738562091503,0.477124183006536
0.27450980392156865,0.47058823529411764
0.28104575163398693,0.39869281045751637
0.2875816993464052,0.39869281045751637
0.29411764705882354,0.39869281045751637
0.3006535947712418,0.39215686274509803
0.3464052287581699,0.39215686274509803
0.35294117647058826,0.39215686274509803
0.35947712418300654,0.39215686274509803
0.3660130718954248,0.38562091503267976
0.37254901960784315,0.38562091503267976
0.3790849673202614,0.3790849673202614
0.38562091503267976,0.3790849673202614
0.45098039215686275,0.37254901960784315
0.45751633986928103,0.35947712418300654
0.46405228758169936,0.35294117647058826
0.47058823529411764,0.35294117647058826
0.477124183006536,0.33986928104575165
0.5947712418300654,0.3333333333333333
0.6013071895424836,0.1895424836601307
0.6023071895424836,0.0
1.0,0.0
