x_val,nn
0.0,1.0
0.006535947712418301,0.9934640522875817
0.013071895424836602,0.9869281045751634
0.0196078431372549,0.9803921568627451
0.026143790849673203,0.9738562091503268
0.032679738562091505,0.9673202614379085
0.0392156862745098,0.9607843137254902
0.0457516339869281,0.954248366013072
0.05228758169934641,0.9477124183006536
0.058823529411764705,0.9411764705882353
0.06535947712418301,0.934640522875817
0.0718954248366013,0.9215686274509803
0.0784313725490196,0.9084967320261438
0.09803921568627451,0.9019607843137255
0.10457516339869281,0.8954248366013072
0.1111111111111111,0.869281045751634
0.11764705882352941,0.8627450980392157
0.12418300653594772,0.8562091503267973
0.13071895424836602,0.8431372549019608
0.13725490196078433,0.8366013071895425
0.1830065359477124,0.8169934640522876
0.1895424836601307,0.8104575163398693
0.19607843137254902,0.803921568627451
0.20261437908496732,0.7581699346405228
0.20915032679738563,0.7516339869281046
0.21568627450980393,0.7450980392156863
0.2222222222222222,0.738562091503268
0.22875816993464052,0.6013071895424836
0.23529411764705882,0.6013071895424836
0.24183006535947713,0.5947712418300654
0.24836601307189543,0.5816993464052288
0.2549019607843137,0.5686274509803921
0.26143790849673204,0.3790849673202614
0.2679738562091503,0.3660130718954248
0.27450980392156865,0.35947712418300654
0.28104575163398693,0.35294117647058826
0.2875816993464052,0.3464052287581699
0.29411764705882354,0.3464052287581699
0.3333333333333333,0.33986928104575165
0.33986928104575165,0.3333333333333333
0.3464052287581699,0.30718954248366015
0.35294117647058826,0.30718954248366015
0.39869281045751637,0.30718954248366015
0.40522875816993464,0.30718954248366015
0.4117647058823529,0.30718954248366015
0.41830065359477125,0.3006535947712418
0.42483660130718953,0.29411764705882354
0.43137254901960786,0.27450980392156865
0.45098039215686275,0.27450980392156865
0.45751633986928103,0.2679738562091503
0.46405228758169936,0.2679738562091503
0.47058823529411764,0.2679738562091503
0.477124183006536,0.2679738562091503
0.48366013071895425,0.2679738562091503
0.49019607843137253,0.2679738562091503
0.49673202614379086,0.2222222222222222
0.5751633986928104,0.20915032679738563
0.5816993464052288,0.20915032679738563
0.7189542483660131,0.20915032679738563
0.7254901960784313,0.13725490196078433
0.7264901960784313,0.0
1.0,0.0
