x_val,nn
0.0,1.0
0.006535947712418301,0.738562091503268
0.013071895424836602,0.7320261437908496
0.0196078431372549,0.7320261437908496
0.026143790849673203,0.7320261437908496
0.032679738562091505,0.7254901960784313
0.0392156862745098,0.7189542483660131
0.803921568627451,0.026143790849673203
0.804921568627451,0.0
1.0,0.0
