x_val,nn
0.0,1.0
0.006329113924050633,0.9873417721518988
0.012658227848101266,0.9810126582278481
0.0189873417721519,0.9683544303797469
0.02531645569620253,0.9620253164556962
0.03164556962025317,0.9556962025316456
0.0379746835443038,0.9493670886075949
0.04430379746835443,0.879746835443038
0.05063291139240506,0.8734177215189873
0.056962025316455694,0.8734177215189873
0.06329113924050633,0.8734177215189873
0.06962025316455696,0.8670886075949367
0.0759493670886076,0.8607594936708861
0.08227848101265822,0.8607594936708861
0.08860759493670886,0.8544303797468354
0.0949367088607595,0.8481012658227848
0.10126582278481013,0.8417721518987342
0.10759493670886076,0.8354430379746836
0.11392405063291139,0.5189873417721519
0.12025316455696203,0.5
0.12658227848101267,0.4936708860759494
0.13291139240506328,0.4936708860759494
0.13924050632911392,0.4936708860759494
0.14556962025316456,0.4936708860759494
0.1518987341772152,0.46835443037974683
0.27848101265822783,0.46835443037974683
0.2848101265822785,0.4620253164556962
0.310126582278481,0.43670886075949367
0.31645569620253167,0.43670886075949367
0.3227848101265823,0.43670886075949367
0.3291139240506329,0.43670886075949367
0.35443037974683544,0.43037974683544306
0.3670886075949367,0.33544303797468356
0.37341772151898733,0.33544303797468356
0.379746835443038,0.3227848101265823
0.3987341772151899,0.3227848101265823
0.4050632911392405,0.2721518987341772
0.41139240506329117,0.2721518987341772
0.4177215189873418,0.2721518987341772
0.4240506329113924,0.22784810126582278
0.43037974683544306,0.22784810126582278
0.4810126582278481,0.22784810126582278
0.4873417721518987,0.2088607594936709
0.4936708860759494,0.17721518987341772
0.4946708860759494,0.0
1.0,0.0
