x_val,nn
0.0,1.0
0.006711409395973154,0.9731543624161074
0.013422818791946308,0.8926174496644296
0.020134228187919462,0.8859060402684564
0.026845637583892617,0.8791946308724832
0.03355704697986577,0.8322147651006712
0.15436241610738255,0.825503355704698
0.1610738255033557,0.8187919463087249
0.16778523489932887,0.8120805369127517
0.174496644295302,0.8053691275167785
0.18120805369127516,0.7919463087248322
0.18791946308724833,0.785234899328859
0.19463087248322147,0.7785234899328859
0.20134228187919462,0.7718120805369127
0.21476510067114093,0.7583892617449665
0.2214765100671141,0.7516778523489933
0.22818791946308725,0.738255033557047
0.2348993288590604,0.7315436241610739
0.24161073825503357,0.7181208053691275
0.2483221476510067,0.7181208053691275
0.2550335570469799,0.6912751677852349
0.26174496644295303,0.6308724832214765
0.2684563758389262,0.6174496644295302
0.2751677852348993,0.610738255033557
0.28187919463087246,0.6040268456375839
0.28859060402684567,0.5973154362416108
0.2953020134228188,0.5906040268456376
0.30201342281879195,0.5637583892617449
0.3087248322147651,0.5436241610738255
0.31543624161073824,0.5234899328859061
0.3221476510067114,0.5167785234899329
0.3288590604026846,0.5100671140939598
0.33557046979865773,0.5033557046979866
0.4697986577181208,0.4899328859060403
0.47651006711409394,0.4697986577181208
0.48322147651006714,0.44966442953020136
0.4899328859060403,0.436241610738255
0.4966442953020134,0.42953020134228187
0.5033557046979866,0.4228187919463087
0.5503355704697986,0.40939597315436244
0.5570469798657718,0.40268456375838924
0.5637583892617449,0.38926174496644295
0.5704697986577181,0.3691275167785235
0.5771812080536913,0.35570469798657717
0.5838926174496645,0.26174496644295303
0.5906040268456376,0.2483221476510067
0.5973154362416108,0.20134228187919462
0.6040268456375839,0.20134228187919462
0.610738255033557,0.16778523489932887
0.611738255033557,0.0
1.0,0.0
