x_val,nn
0.0,1.0
0.006535947712418301,0.9934640522875817
0.013071895424836602,0.9869281045751634
0.0196078431372549,0.9215686274509803
0.026143790849673203,0.9084967320261438
0.032679738562091505,0.9019607843137255
0.10457516339869281,0.8954248366013072
0.1111111111111111,0.8562091503267973
0.11764705882352941,0.8496732026143791
0.12418300653594772,0.5816993464052288
0.13071895424836602,0.5816993464052288
0.13725490196078433,0.5816993464052288
0.1437908496732026,0.5686274509803921
0.1503267973856209,0.5620915032679739
0.1568627450980392,0.5620915032679739
0.16339869281045752,0.5620915032679739
0.16993464052287582,0.5620915032679739
0.17647058823529413,0.5555555555555556
0.1830065359477124,0.5555555555555556
0.1895424836601307,0.5490196078431373
0.19607843137254902,0.5424836601307189
0.20261437908496732,0.5424836601307189
0.20915032679738563,0.5359477124183006
0.21568627450980393,0.5098039215686274
0.2222222222222222,0.5032679738562091
0.22875816993464052,0.477124183006536
0.23529411764705882,0.477124183006536
0.24183006535947713,0.47058823529411764
0.24836601307189543,0.46405228758169936
0.2549019607843137,0.4444444444444444
0.26143790849673204,0.2549019607843137
0.2679738562091503,0.24836601307189543
0.4117647058823529,0.24836601307189543
0.41830065359477125,0.24836601307189543
0.42483660130718953,0.24836601307189543
0.49019607843137253,0.24836601307189543
0.49673202614379086,0.24836601307189543
0.5359477124183006,0.24836601307189543
0.5424836601307189,0.2222222222222222
0.5490196078431373,0.21568627450980393
0.5555555555555556,0.17647058823529413
0.5565555555555556,0.0
1.0,0.0
