x_val,nn
0.0,1.0
0.006535947712418301,0.9934640522875817
0.013071895424836602,0.9607843137254902
0.0196078431372549,0.954248366013072
0.026143790849673203,0.9477124183006536
0.032679738562091505,0.8888888888888888
0.1111111111111111,0.8823529411764706
0.11764705882352941,0.8562091503267973
0.12418300653594772,0.8496732026143791
0.13071895424836602,0.8431372549019608
0.13725490196078433,0.673202614379085
0.1437908496732026,0.673202614379085
0.1503267973856209,0.673202614379085
0.1568627450980392,0.6666666666666666
0.16339869281045752,0.6601307189542484
0.16993464052287582,0.6535947712418301
0.17647058823529413,0.6470588235294118
0.1830065359477124,0.6209150326797386
0.1895424836601307,0.6078431372549019
0.3202614379084967,0.6078431372549019
0.32679738562091504,0.5686274509803921
0.3333333333333333,0.47058823529411764
0.33986928104575165,0.46405228758169936
0.3464052287581699,0.45751633986928103
0.35294117647058826,0.45751633986928103
0.35947712418300654,0.45098039215686275
0.3660130718954248,0.45098039215686275
0.37254901960784315,0.4444444444444444
0.3790849673202614,0.43790849673202614
0.38562091503267976,0.41830065359477125
0.39215686274509803,0.38562091503267976
0.39869281045751637,0.38562091503267976
0.40522875816993464,0.3790849673202614
0.4117647058823529,0.32679738562091504
0.41830065359477125,0.3202614379084967
0.42483660130718953,0.3137254901960784
0.43137254901960786,0.3137254901960784
0.43790849673202614,0.30718954248366015
0.4444444444444444,0.3006535947712418
0.6666666666666666,0.29411764705882354
0.673202614379085,0.2875816993464052
0.6797385620915033,0.28104575163398693
0.6862745098039216,0.27450980392156865
0.6928104575163399,0.27450980392156865
0.6993464052287581,0.2679738562091503
0.7058823529411765,0.26143790849673204
0.7124183006535948,0.2549019607843137
0.7712418300653595,0.1111111111111111
0.7722418300653595,0.0
1.0,0.0
