x_val,nn
0.0,1.0
0.006535947712418301,0.9934640522875817
0.013071895424836602,0.9869281045751634
0.0196078431372549,0.9803921568627451
0.026143790849673203,0.9738562091503268
0.032679738562091505,0.9673202614379085
0.0392156862745098,0.9411764705882353
0.0457516339869281,0.8562091503267973
0.05228758169934641,0.8496732026143791
0.058823529411764705,0.7843137254901961
0.10457516339869281,0.7712418300653595
0.1111111111111111,0.7647058823529411
0.11764705882352941,0.7581699346405228
0.13071895424836602,0.738562091503268
0.13725490196078433,0.7320261437908496
0.1437908496732026,0.7254901960784313
0.1503267973856209,0.7189542483660131
0.1568627450980392,0.6993464052287581
0.16339869281045752,0.6928104575163399
0.16993464052287582,0.6862745098039216
0.1895424836601307,0.6797385620915033
0.19607843137254902,0.673202614379085
0.20261437908496732,0.6535947712418301
0.20915032679738563,0.6470588235294118
0.21568627450980393,0.46405228758169936
0.2222222222222222,0.46405228758169936
0.22875816993464052,0.45751633986928103
0.23529411764705882,0.22875816993464052
0.24183006535947713,0.22875816993464052
0.30718954248366015,0.22875816993464052
0.32679738562091504,0.22875816993464052
0.3333333333333333,0.22875816993464052
0.33986928104575165,0.22875816993464052
0.3464052287581699,0.21568627450980393
0.35294117647058826,0.1830065359477124
0.35394117647058826,0.0
1.0,0.0
