x_val,nn
0.0,1.0
0.006535947712418301,0.8954248366013072
0.013071895424836602,0.8888888888888888
0.0196078431372549,0.8888888888888888
0.058823529411764705,0.8496732026143791
0.06535947712418301,0.8431372549019608
0.0718954248366013,0.8366013071895425
0.0784313725490196,0.8300653594771242
0.08496732026143791,0.8235294117647058
0.0915032679738562,0.803921568627451
0.09803921568627451,0.803921568627451
0.10457516339869281,0.7908496732026143
0.1111111111111111,0.7843137254901961
0.11764705882352941,0.7647058823529411
0.12418300653594772,0.7581699346405228
0.13071895424836602,0.7516339869281046
0.13725490196078433,0.7450980392156863
0.1437908496732026,0.738562091503268
0.1503267973856209,0.7254901960784313
0.1568627450980392,0.7189542483660131
0.16339869281045752,0.6797385620915033
0.16993464052287582,0.673202614379085
0.17647058823529413,0.6666666666666666
0.1830065359477124,0.6601307189542484
0.1895424836601307,0.6535947712418301
0.19607843137254902,0.6405228758169934
0.20261437908496732,0.6209150326797386
0.20915032679738563,0.6078431372549019
0.2875816993464052,0.6078431372549019
0.29411764705882354,0.5882352941176471
0.3006535947712418,0.5882352941176471
0.30718954248366015,0.5686274509803921
0.3464052287581699,0.5686274509803921
0.35294117647058826,0.5620915032679739
0.35947712418300654,0.5490196078431373
0.3660130718954248,0.5424836601307189
0.37254901960784315,0.5359477124183006
0.3790849673202614,0.5163398692810458
0.38562091503267976,0.5098039215686274
0.39215686274509803,0.5032679738562091
0.42483660130718953,0.42483660130718953
0.43137254901960786,0.4117647058823529
0.43790849673202614,0.4117647058823529
0.4444444444444444,0.40522875816993464
0.45098039215686275,0.39869281045751637
0.45751633986928103,0.39869281045751637
0.46405228758169936,0.39215686274509803
0.47058823529411764,0.39215686274509803
0.477124183006536,0.38562091503267976
0.5228758169934641,0.38562091503267976
0.5294117647058824,0.35947712418300654
0.5620915032679739,0.3464052287581699
0.5686274509803921,0.33986928104575165
0.5751633986928104,0.32679738562091504
0.5947712418300654,0.32679738562091504
0.6013071895424836,0.3202614379084967
0.6078431372549019,0.3137254901960784
0.6143790849673203,0.30718954248366015
0.6209150326797386,0.3006535947712418
0.6274509803921569,0.29411764705882354
0.6339869281045751,0.26143790849673204
0.6405228758169934,0.2549019607843137
0.6470588235294118,0.24836601307189543
0.6535947712418301,0.13725490196078433
0.6545947712418301,0.0
1.0,0.0
