x_val,nn
0.0,1.0
0.006535947712418301,0.8888888888888888
0.013071895424836602,0.8300653594771242
0.0196078431372549,0.8235294117647058
0.026143790849673203,0.8235294117647058
0.032679738562091505,0.8235294117647058
0.0392156862745098,0.8169934640522876
0.0457516339869281,0.7777777777777778
0.05228758169934641,0.7712418300653595
0.1568627450980392,0.7647058823529411
0.16339869281045752,0.7581699346405228
0.16993464052287582,0.7516339869281046
0.17647058823529413,0.7450980392156863
0.1830065359477124,0.7254901960784313
0.1895424836601307,0.7189542483660131
0.19607843137254902,0.7124183006535948
0.20915032679738563,0.7124183006535948
0.21568627450980393,0.7058823529411765
0.2222222222222222,0.6993464052287581
0.22875816993464052,0.6928104575163399
0.23529411764705882,0.6862745098039216
0.24183006535947713,0.6666666666666666
0.24836601307189543,0.6601307189542484
0.2549019607843137,0.6535947712418301
0.26143790849673204,0.6535947712418301
0.2679738562091503,0.6405228758169934
0.27450980392156865,0.6339869281045751
0.28104575163398693,0.6274509803921569
0.2875816993464052,0.6209150326797386
0.3202614379084967,0.6209150326797386
0.32679738562091504,0.6013071895424836
0.3333333333333333,0.5947712418300654
0.33986928104575165,0.5751633986928104
0.3464052287581699,0.5686274509803921
0.35294117647058826,0.5686274509803921
0.38562091503267976,0.5686274509803921
0.39215686274509803,0.5555555555555556
0.39869281045751637,0.5490196078431373
0.40522875816993464,0.5424836601307189
0.4117647058823529,0.5359477124183006
0.41830065359477125,0.5294117647058824
0.42483660130718953,0.5032679738562091
0.43137254901960786,0.49673202614379086
0.43790849673202614,0.48366013071895425
0.4444444444444444,0.45751633986928103
0.45098039215686275,0.45098039215686275
0.45751633986928103,0.43790849673202614
0.5032679738562091,0.43137254901960786
0.5098039215686274,0.33986928104575165
0.5163398692810458,0.33986928104575165
0.5228758169934641,0.33986928104575165
0.5294117647058824,0.3333333333333333
0.6143790849673203,0.3333333333333333
0.6209150326797386,0.32679738562091504
0.6274509803921569,0.3202614379084967
0.6339869281045751,0.2875816993464052
0.6405228758169934,0.1830065359477124
0.6415228758169934,0.0
1.0,0.0
