x_val,nn
0.0,1.0
0.006535947712418301,0.9019607843137255
0.013071895424836602,0.8954248366013072
0.0196078431372549,0.8627450980392157
0.026143790849673203,0.8562091503267973
0.032679738562091505,0.8496732026143791
0.0392156862745098,0.8366013071895425
0.0457516339869281,0.8169934640522876
0.09803921568627451,0.8169934640522876
0.10457516339869281,0.8104575163398693
0.1111111111111111,0.7973856209150327
0.11764705882352941,0.7908496732026143
0.12418300653594772,0.7908496732026143
0.13071895424836602,0.7908496732026143
0.16993464052287582,0.7908496732026143
0.17647058823529413,0.7843137254901961
0.1830065359477124,0.7843137254901961
0.1895424836601307,0.7777777777777778
0.19607843137254902,0.7712418300653595
0.20261437908496732,0.7647058823529411
0.20915032679738563,0.7581699346405228
0.21568627450980393,0.738562091503268
0.23529411764705882,0.7320261437908496
0.24183006535947713,0.7254901960784313
0.24836601307189543,0.7189542483660131
0.2549019607843137,0.7124183006535948
0.2875816993464052,0.6797385620915033
0.29411764705882354,0.6601307189542484
0.3006535947712418,0.6143790849673203
0.3660130718954248,0.5882352941176471
0.37254901960784315,0.5359477124183006
0.3790849673202614,0.5098039215686274
0.38562091503267976,0.5032679738562091
0.39215686274509803,0.41830065359477125
0.39869281045751637,0.4117647058823529
0.40522875816993464,0.3790849673202614
0.4117647058823529,0.3790849673202614
0.41830065359477125,0.16339869281045752
0.41930065359477126,0.0
1.0,0.0
