x_val,nn
0.0,1.0
0.006535947712418301,0.9477124183006536
0.0196078431372549,0.9477124183006536
0.026143790849673203,0.9411764705882353
0.032679738562091505,0.934640522875817
0.0392156862745098,0.9281045751633987
0.0457516339869281,0.9215686274509803
0.05228758169934641,0.9150326797385621
0.058823529411764705,0.9084967320261438
0.0784313725490196,0.9084967320261438
0.08496732026143791,0.9019607843137255
0.0915032679738562,0.8758169934640523
0.09803921568627451,0.8562091503267973
0.13725490196078433,0.8496732026143791
0.1437908496732026,0.8431372549019608
0.1503267973856209,0.8366013071895425
0.1568627450980392,0.8300653594771242
0.16339869281045752,0.8235294117647058
0.16993464052287582,0.8169934640522876
0.17647058823529413,0.8104575163398693
0.1830065359477124,0.803921568627451
0.1895424836601307,0.7973856209150327
0.19607843137254902,0.7908496732026143
0.20261437908496732,0.7843137254901961
0.20915032679738563,0.7647058823529411
0.21568627450980393,0.7516339869281046
0.2222222222222222,0.738562091503268
0.22875816993464052,0.7320261437908496
0.23529411764705882,0.7254901960784313
0.24183006535947713,0.7189542483660131
0.24836601307189543,0.7058823529411765
0.2549019607843137,0.673202614379085
0.26143790849673204,0.6013071895424836
0.2679738562091503,0.32679738562091504
0.42483660130718953,0.29411764705882354
0.43137254901960786,0.2875816993464052
0.43790849673202614,0.2875816993464052
0.4444444444444444,0.24836601307189543
0.45098039215686275,0.21568627450980393
0.45751633986928103,0.21568627450980393
0.46405228758169936,0.21568627450980393
0.47058823529411764,0.20261437908496732
0.477124183006536,0.20261437908496732
0.48366013071895425,0.20261437908496732
0.49019607843137253,0.20261437908496732
0.49673202614379086,0.20261437908496732
0.5032679738562091,0.20261437908496732
0.5098039215686274,0.19607843137254902
0.5108039215686274,0.0
1.0,0.0
