x_val,nn
0.0,1.0
0.006535947712418301,0.9411764705882353
0.013071895424836602,0.934640522875817
0.0196078431372549,0.9215686274509803
0.026143790849673203,0.9019607843137255
0.032679738562091505,0.8954248366013072
0.0392156862745098,0.8758169934640523
0.0457516339869281,0.869281045751634
0.05228758169934641,0.8627450980392157
0.058823529411764705,0.8627450980392157
0.06535947712418301,0.8562091503267973
0.0718954248366013,0.8496732026143791
0.0784313725490196,0.8431372549019608
0.08496732026143791,0.8366013071895425
0.0915032679738562,0.8300653594771242
0.09803921568627451,0.8235294117647058
0.10457516339869281,0.8169934640522876
0.1111111111111111,0.8104575163398693
0.11764705882352941,0.803921568627451
0.12418300653594772,0.7973856209150327
0.13071895424836602,0.7908496732026143
0.16993464052287582,0.7908496732026143
0.17647058823529413,0.7843137254901961
0.1830065359477124,0.7777777777777778
0.1895424836601307,0.7712418300653595
0.19607843137254902,0.7647058823529411
0.20261437908496732,0.7516339869281046
0.20915032679738563,0.7516339869281046
0.21568627450980393,0.738562091503268
0.2222222222222222,0.7320261437908496
0.22875816993464052,0.7254901960784313
0.23529411764705882,0.7254901960784313
0.2549019607843137,0.6209150326797386
0.26143790849673204,0.6078431372549019
0.2679738562091503,0.6013071895424836
0.27450980392156865,0.5947712418300654
0.28104575163398693,0.5947712418300654
0.2875816993464052,0.5686274509803921
0.29411764705882354,0.48366013071895425
0.3006535947712418,0.3790849673202614
0.30718954248366015,0.24183006535947713
0.3137254901960784,0.24183006535947713
0.3202614379084967,0.24183006535947713
0.3660130718954248,0.24183006535947713
0.37254901960784315,0.21568627450980393
0.3790849673202614,0.20261437908496732
0.38562091503267976,0.20261437908496732
0.39215686274509803,0.1895424836601307
0.39315686274509803,0.0
1.0,0.0
