x_val,nn
0.0,1.0
0.006535947712418301,0.954248366013072
0.013071895424836602,0.9477124183006536
0.0196078431372549,0.9411764705882353
0.026143790849673203,0.934640522875817
0.032679738562091505,0.9281045751633987
0.0784313725490196,0.8823529411764706
0.08496732026143791,0.8758169934640523
0.0915032679738562,0.869281045751634
0.09803921568627451,0.8627450980392157
0.10457516339869281,0.8562091503267973
0.1111111111111111,0.8496732026143791
0.11764705882352941,0.8431372549019608
0.12418300653594772,0.8366013071895425
0.13071895424836602,0.8169934640522876
0.16993464052287582,0.7908496732026143
0.17647058823529413,0.7777777777777778
0.1830065359477124,0.7712418300653595
0.1895424836601307,0.7647058823529411
0.19607843137254902,0.7581699346405228
0.20261437908496732,0.7450980392156863
0.20915032679738563,0.7189542483660131
0.21568627450980393,0.7124183006535948
0.2222222222222222,0.6993464052287581
0.2679738562091503,0.6993464052287581
0.27450980392156865,0.6797385620915033
0.28104575163398693,0.6666666666666666
0.2875816993464052,0.6470588235294118
0.29411764705882354,0.6405228758169934
0.3006535947712418,0.6209150326797386
0.30718954248366015,0.6143790849673203
0.3137254901960784,0.6078431372549019
0.3202614379084967,0.6013071895424836
0.32679738562091504,0.5947712418300654
0.3333333333333333,0.5751633986928104
0.33986928104575165,0.5359477124183006
0.3464052287581699,0.5294117647058824
0.35294117647058826,0.49673202614379086
0.35947712418300654,0.48366013071895425
0.3660130718954248,0.45751633986928103
0.37254901960784315,0.45751633986928103
0.3790849673202614,0.43790849673202614
0.5294117647058824,0.41830065359477125
0.5359477124183006,0.4117647058823529
0.5424836601307189,0.40522875816993464
0.5490196078431373,0.39869281045751637
0.5555555555555556,0.39215686274509803
0.5620915032679739,0.39215686274509803
0.5686274509803921,0.38562091503267976
0.5751633986928104,0.37254901960784315
0.5816993464052288,0.37254901960784315
0.5882352941176471,0.37254901960784315
0.5947712418300654,0.3137254901960784
0.6013071895424836,0.30718954248366015
0.6078431372549019,0.27450980392156865
0.6143790849673203,0.2679738562091503
0.6209150326797386,0.24836601307189543
0.6274509803921569,0.24183006535947713
0.6339869281045751,0.24183006535947713
0.6405228758169934,0.24183006535947713
0.7058823529411765,0.24183006535947713
0.7124183006535948,0.17647058823529413
0.7134183006535948,0.0
1.0,0.0
