x_val,nn
0.0,1.0
0.006535947712418301,0.9673202614379085
0.013071895424836602,0.9477124183006536
0.0196078431372549,0.9411764705882353
0.026143790849673203,0.934640522875817
0.032679738562091505,0.9281045751633987
0.0392156862745098,0.9150326797385621
0.08496732026143791,0.8888888888888888
0.0915032679738562,0.8823529411764706
0.09803921568627451,0.8758169934640523
0.10457516339869281,0.869281045751634
0.1111111111111111,0.8562091503267973
0.11764705882352941,0.8366013071895425
0.12418300653594772,0.7973856209150327
0.13071895424836602,0.7908496732026143
0.13725490196078433,0.7843137254901961
0.1437908496732026,0.7777777777777778
0.1568627450980392,0.7712418300653595
0.16339869281045752,0.7647058823529411
0.16993464052287582,0.7516339869281046
0.17647058823529413,0.7450980392156863
0.1830065359477124,0.738562091503268
0.1895424836601307,0.7320261437908496
0.22875816993464052,0.6993464052287581
0.23529411764705882,0.6862745098039216
0.24183006535947713,0.6797385620915033
0.24836601307189543,0.673202614379085
0.2549019607843137,0.6666666666666666
0.26143790849673204,0.6601307189542484
0.2679738562091503,0.6601307189542484
0.27450980392156865,0.6209150326797386
0.28104575163398693,0.5947712418300654
0.2875816993464052,0.5882352941176471
0.29411764705882354,0.5751633986928104
0.3006535947712418,0.5751633986928104
0.30718954248366015,0.5620915032679739
0.3137254901960784,0.477124183006536
0.3202614379084967,0.41830065359477125
0.32679738562091504,0.40522875816993464
0.3333333333333333,0.40522875816993464
0.33986928104575165,0.39869281045751637
0.3464052287581699,0.39215686274509803
0.35294117647058826,0.38562091503267976
0.35947712418300654,0.3790849673202614
0.43790849673202614,0.3790849673202614
0.4444444444444444,0.37254901960784315
0.45098039215686275,0.3660130718954248
0.45751633986928103,0.28104575163398693
0.46405228758169936,0.27450980392156865
0.47058823529411764,0.26143790849673204
0.477124183006536,0.2549019607843137
0.48366013071895425,0.19607843137254902
0.48466013071895425,0.0
1.0,0.0
