x_val,nn
0.0,1.0
0.006535947712418301,0.7581699346405228
0.013071895424836602,0.7450980392156863
0.0196078431372549,0.738562091503268
0.026143790849673203,0.738562091503268
0.032679738562091505,0.7320261437908496
0.0392156862745098,0.7254901960784313
0.0457516339869281,0.7124183006535948
0.05228758169934641,0.40522875816993464
0.058823529411764705,0.39869281045751637
0.06535947712418301,0.39869281045751637
0.0718954248366013,0.39869281045751637
0.0784313725490196,0.39869281045751637
0.38562091503267976,0.39215686274509803
0.39215686274509803,0.38562091503267976
0.39869281045751637,0.3790849673202614
0.40522875816993464,0.3790849673202614
0.4117647058823529,0.37254901960784315
0.41830065359477125,0.3464052287581699
0.42483660130718953,0.3464052287581699
0.43137254901960786,0.3333333333333333
0.47058823529411764,0.3333333333333333
0.477124183006536,0.32679738562091504
0.48366013071895425,0.32679738562091504
0.49019607843137253,0.3202614379084967
0.49673202614379086,0.3202614379084967
0.5032679738562091,0.3202614379084967
0.5098039215686274,0.3202614379084967
0.5555555555555556,0.3202614379084967
0.5620915032679739,0.3202614379084967
0.5686274509803921,0.3137254901960784
0.5751633986928104,0.30718954248366015
0.5816993464052288,0.3006535947712418
0.5882352941176471,0.2875816993464052
0.5947712418300654,0.27450980392156865
0.6013071895424836,0.22875816993464052
0.6078431372549019,0.2222222222222222
0.6143790849673203,0.20915032679738563
0.673202614379085,0.20915032679738563
0.6797385620915033,0.20261437908496732
0.6862745098039216,0.20261437908496732
0.6928104575163399,0.20261437908496732
0.6993464052287581,0.19607843137254902
0.7003464052287581,0.0
1.0,0.0
