x_val,nn
0.0,1.0
0.006535947712418301,0.7843137254901961
0.032679738562091505,0.7581699346405228
0.0392156862745098,0.7581699346405228
0.13071895424836602,0.7581699346405228
0.13725490196078433,0.7450980392156863
0.1437908496732026,0.7124183006535948
0.1503267973856209,0.7058823529411765
0.1568627450980392,0.7058823529411765
0.16339869281045752,0.6993464052287581
0.16993464052287582,0.6928104575163399
0.17647058823529413,0.6862745098039216
0.1830065359477124,0.673202614379085
0.1895424836601307,0.673202614379085
0.29411764705882354,0.6274509803921569
0.3006535947712418,0.6209150326797386
0.3137254901960784,0.6209150326797386
0.3202614379084967,0.6143790849673203
0.32679738562091504,0.6078431372549019
0.3333333333333333,0.5882352941176471
0.33986928104575165,0.5882352941176471
0.3464052287581699,0.5816993464052288
0.35294117647058826,0.5424836601307189
0.35947712418300654,0.5424836601307189
0.3660130718954248,0.5359477124183006
0.37254901960784315,0.5294117647058824
0.3790849673202614,0.5228758169934641
0.38562091503267976,0.5228758169934641
0.39215686274509803,0.5163398692810458
0.39869281045751637,0.45751633986928103
0.40522875816993464,0.42483660130718953
0.4117647058823529,0.40522875816993464
0.41830065359477125,0.40522875816993464
0.42483660130718953,0.39869281045751637
0.43137254901960786,0.39215686274509803
0.43790849673202614,0.39215686274509803
0.4444444444444444,0.39215686274509803
0.45098039215686275,0.38562091503267976
0.45751633986928103,0.3790849673202614
0.46405228758169936,0.37254901960784315
0.47058823529411764,0.35294117647058826
0.477124183006536,0.3464052287581699
0.5816993464052288,0.24183006535947713
0.5882352941176471,0.23529411764705882
0.5947712418300654,0.22875816993464052
0.6013071895424836,0.22875816993464052
0.6078431372549019,0.22875816993464052
0.6143790849673203,0.2222222222222222
0.6209150326797386,0.20915032679738563
0.6993464052287581,0.1568627450980392
0.7003464052287581,0.0
1.0,0.0
