x_val,nn
0.0,1.0
0.006535947712418301,0.9803921568627451
0.013071895424836602,0.9607843137254902
0.0196078431372549,0.954248366013072
0.026143790849673203,0.9411764705882353
0.032679738562091505,0.9215686274509803
0.0392156862745098,0.9019607843137255
0.0457516339869281,0.8954248366013072
0.05228758169934641,0.49673202614379086
0.058823529411764705,0.49673202614379086
0.06535947712418301,0.49019607843137253
0.11764705882352941,0.48366013071895425
0.12418300653594772,0.45751633986928103
0.13725490196078433,0.45751633986928103
0.1437908496732026,0.45098039215686275
0.1503267973856209,0.4444444444444444
0.1568627450980392,0.35294117647058826
0.16339869281045752,0.35294117647058826
0.16993464052287582,0.35294117647058826
0.17647058823529413,0.35294117647058826
0.1830065359477124,0.35294117647058826
0.1895424836601307,0.3464052287581699
0.19607843137254902,0.33986928104575165
0.20261437908496732,0.33986928104575165
0.20915032679738563,0.33986928104575165
0.21568627450980393,0.33986928104575165
0.2222222222222222,0.33986928104575165
0.32679738562091504,0.33986928104575165
0.3333333333333333,0.3333333333333333
0.33986928104575165,0.3202614379084967
0.3464052287581699,0.30718954248366015
0.35294117647058826,0.30718954248366015
0.38562091503267976,0.30718954248366015
0.39215686274509803,0.3006535947712418
0.39869281045751637,0.3006535947712418
0.40522875816993464,0.3006535947712418
0.477124183006536,0.3006535947712418
0.48366013071895425,0.3006535947712418
0.49019607843137253,0.29411764705882354
0.49673202614379086,0.2875816993464052
0.5032679738562091,0.2875816993464052
0.5163398692810458,0.2875816993464052
0.5228758169934641,0.28104575163398693
0.5294117647058824,0.28104575163398693
0.5359477124183006,0.2549019607843137
0.5424836601307189,0.2549019607843137
0.5490196078431373,0.24836601307189543
0.5555555555555556,0.24836601307189543
0.5620915032679739,0.24836601307189543
0.5882352941176471,0.24836601307189543
0.5947712418300654,0.24183006535947713
0.6013071895424836,0.23529411764705882
0.6078431372549019,0.22875816993464052
0.6209150326797386,0.21568627450980393
0.8366013071895425,0.09803921568627451
0.8376013071895425,0.0
1.0,0.0
