x_val,nn
0.0,1.0
0.032679738562091505,0.954248366013072
0.0392156862745098,0.9477124183006536
0.0457516339869281,0.9281045751633987
0.05228758169934641,0.9215686274509803
0.058823529411764705,0.9150326797385621
0.06535947712418301,0.9084967320261438
0.0718954248366013,0.9019607843137255
0.0784313725490196,0.8954248366013072
0.08496732026143791,0.8888888888888888
0.0915032679738562,0.8823529411764706
0.09803921568627451,0.869281045751634
0.10457516339869281,0.8627450980392157
0.1111111111111111,0.8431372549019608
0.1503267973856209,0.7843137254901961
0.1568627450980392,0.7843137254901961
0.16339869281045752,0.7777777777777778
0.16993464052287582,0.7777777777777778
0.17647058823529413,0.7647058823529411
0.1830065359477124,0.7516339869281046
0.20915032679738563,0.7516339869281046
0.21568627450980393,0.7450980392156863
0.2222222222222222,0.7254901960784313
0.22875816993464052,0.7189542483660131
0.23529411764705882,0.7124183006535948
0.24183006535947713,0.7058823529411765
0.24836601307189543,0.6928104575163399
0.2549019607843137,0.5424836601307189
0.3202614379084967,0.5424836601307189
0.32679738562091504,0.5294117647058824
0.3333333333333333,0.5228758169934641
0.3464052287581699,0.5163398692810458
0.35294117647058826,0.48366013071895425
0.35947712418300654,0.477124183006536
0.3660130718954248,0.477124183006536
0.37254901960784315,0.46405228758169936
0.3790849673202614,0.46405228758169936
0.38562091503267976,0.4444444444444444
0.39215686274509803,0.40522875816993464
0.39869281045751637,0.40522875816993464
0.40522875816993464,0.40522875816993464
0.4117647058823529,0.39869281045751637
0.41830065359477125,0.32679738562091504
0.5228758169934641,0.2875816993464052
0.5359477124183006,0.27450980392156865
0.5424836601307189,0.21568627450980393
0.5686274509803921,0.21568627450980393
0.5751633986928104,0.20915032679738563
0.5816993464052288,0.20261437908496732
0.5882352941176471,0.20261437908496732
0.5947712418300654,0.20261437908496732
0.6013071895424836,0.19607843137254902
0.6023071895424836,0.0
1.0,0.0
