x_val,nn
0.0,1.0
0.006535947712418301,0.9803921568627451
0.013071895424836602,0.7973856209150327
0.05228758169934641,0.7581699346405228
0.058823529411764705,0.7581699346405228
0.06535947712418301,0.7581699346405228
0.0718954248366013,0.7450980392156863
0.0784313725490196,0.7320261437908496
0.08496732026143791,0.6862745098039216
0.0915032679738562,0.6601307189542484
0.09803921568627451,0.6535947712418301
0.10457516339869281,0.6470588235294118
0.1111111111111111,0.6339869281045751
0.11764705882352941,0.6274509803921569
0.12418300653594772,0.42483660130718953
0.13071895424836602,0.41830065359477125
0.13725490196078433,0.41830065359477125
0.1437908496732026,0.4117647058823529
0.1503267973856209,0.4117647058823529
0.1568627450980392,0.39869281045751637
0.21568627450980393,0.39869281045751637
0.2222222222222222,0.39869281045751637
0.22875816993464052,0.3790849673202614
0.23529411764705882,0.37254901960784315
0.24183006535947713,0.3660130718954248
0.24836601307189543,0.3660130718954248
0.2549019607843137,0.3660130718954248
0.26143790849673204,0.3660130718954248
0.2679738562091503,0.3202614379084967
0.27450980392156865,0.3202614379084967
0.28104575163398693,0.2875816993464052
0.2875816993464052,0.2875816993464052
0.29411764705882354,0.2549019607843137
0.3006535947712418,0.2549019607843137
0.30718954248366015,0.2549019607843137
0.3137254901960784,0.2549019607843137
0.45098039215686275,0.2549019607843137
0.46405228758169936,0.2549019607843137
0.47058823529411764,0.2549019607843137
0.477124183006536,0.24183006535947713
0.48366013071895425,0.24183006535947713
0.49019607843137253,0.21568627450980393
0.49673202614379086,0.21568627450980393
0.5032679738562091,0.21568627450980393
0.5098039215686274,0.20915032679738563
0.5163398692810458,0.20261437908496732
0.5228758169934641,0.20261437908496732
0.5294117647058824,0.1895424836601307
0.5304117647058824,0.0
1.0,0.0
