x_val,nn
0.0,1.0
0.006535947712418301,0.9803921568627451
0.013071895424836602,0.9738562091503268
0.0196078431372549,0.9607843137254902
0.026143790849673203,0.9477124183006536
0.032679738562091505,0.9281045751633987
0.0392156862745098,0.9150326797385621
0.0457516339869281,0.9019607843137255
0.05228758169934641,0.8954248366013072
0.058823529411764705,0.8823529411764706
0.06535947712418301,0.8104575163398693
0.0718954248366013,0.7843137254901961
0.0784313725490196,0.7712418300653595
0.08496732026143791,0.7712418300653595
0.12418300653594772,0.7647058823529411
0.13071895424836602,0.7581699346405228
0.13725490196078433,0.738562091503268
0.1437908496732026,0.7320261437908496
0.1503267973856209,0.5816993464052288
0.1568627450980392,0.5751633986928104
0.16339869281045752,0.5686274509803921
0.16993464052287582,0.5490196078431373
0.17647058823529413,0.5424836601307189
0.1830065359477124,0.5424836601307189
0.1895424836601307,0.5424836601307189
0.19607843137254902,0.5359477124183006
0.20261437908496732,0.5098039215686274
0.20915032679738563,0.5098039215686274
0.21568627450980393,0.5032679738562091
0.2222222222222222,0.5032679738562091
0.22875816993464052,0.5032679738562091
0.23529411764705882,0.5032679738562091
0.24183006535947713,0.5032679738562091
0.37254901960784315,0.49673202614379086
0.3790849673202614,0.48366013071895425
0.38562091503267976,0.477124183006536
0.39215686274509803,0.43790849673202614
0.39869281045751637,0.41830065359477125
0.40522875816993464,0.41830065359477125
0.4117647058823529,0.41830065359477125
0.41830065359477125,0.29411764705882354
0.5751633986928104,0.29411764705882354
0.5816993464052288,0.29411764705882354
0.5882352941176471,0.2875816993464052
0.5947712418300654,0.2679738562091503
0.6013071895424836,0.24836601307189543
0.6078431372549019,0.1895424836601307
0.6088431372549019,0.0
1.0,0.0
