x_val,nn
0.0,1.0
0.006535947712418301,0.9673202614379085
0.013071895424836602,0.9477124183006536
0.0196078431372549,0.9411764705882353
0.026143790849673203,0.934640522875817
0.032679738562091505,0.9281045751633987
0.0392156862745098,0.9150326797385621
0.0457516339869281,0.8954248366013072
0.05228758169934641,0.869281045751634
0.058823529411764705,0.869281045751634
0.06535947712418301,0.8627450980392157
0.0718954248366013,0.8496732026143791
0.0784313725490196,0.8366013071895425
0.08496732026143791,0.8235294117647058
0.0915032679738562,0.8104575163398693
0.09803921568627451,0.803921568627451
0.10457516339869281,0.7973856209150327
0.1111111111111111,0.7973856209150327
0.11764705882352941,0.7777777777777778
0.1895424836601307,0.7058823529411765
0.19607843137254902,0.6993464052287581
0.20261437908496732,0.6928104575163399
0.20915032679738563,0.6209150326797386
0.21568627450980393,0.6143790849673203
0.2222222222222222,0.6143790849673203
0.22875816993464052,0.6078431372549019
0.23529411764705882,0.5947712418300654
0.24183006535947713,0.5882352941176471
0.24836601307189543,0.5882352941176471
0.2549019607843137,0.5816993464052288
0.26143790849673204,0.5555555555555556
0.2679738562091503,0.5555555555555556
0.27450980392156865,0.5555555555555556
0.28104575163398693,0.49019607843137253
0.2875816993464052,0.48366013071895425
0.29411764705882354,0.477124183006536
0.3006535947712418,0.47058823529411764
0.30718954248366015,0.46405228758169936
0.3137254901960784,0.46405228758169936
0.3202614379084967,0.46405228758169936
0.39215686274509803,0.45098039215686275
0.39869281045751637,0.4444444444444444
0.40522875816993464,0.43790849673202614
0.4117647058823529,0.43790849673202614
0.41830065359477125,0.43790849673202614
0.46405228758169936,0.24183006535947713
0.47058823529411764,0.1830065359477124
0.47158823529411764,0.0
1.0,0.0
