x_val,nn
0.0,1.0
0.006535947712418301,0.934640522875817
0.0196078431372549,0.934640522875817
0.026143790849673203,0.9215686274509803
0.032679738562091505,0.9150326797385621
0.0392156862745098,0.8758169934640523
0.0457516339869281,0.8627450980392157
0.05228758169934641,0.8431372549019608
0.058823529411764705,0.8104575163398693
0.1503267973856209,0.803921568627451
0.1568627450980392,0.7712418300653595
0.20261437908496732,0.7712418300653595
0.20915032679738563,0.7647058823529411
0.21568627450980393,0.7581699346405228
0.2222222222222222,0.738562091503268
0.22875816993464052,0.7124183006535948
0.23529411764705882,0.7124183006535948
0.24183006535947713,0.7058823529411765
0.24836601307189543,0.35947712418300654
0.2549019607843137,0.35947712418300654
0.26143790849673204,0.35947712418300654
0.2875816993464052,0.35947712418300654
0.29411764705882354,0.35947712418300654
0.3006535947712418,0.35947712418300654
0.30718954248366015,0.35947712418300654
0.33986928104575165,0.35947712418300654
0.3464052287581699,0.35947712418300654
0.35294117647058826,0.35947712418300654
0.35947712418300654,0.3006535947712418
0.3660130718954248,0.29411764705882354
0.4444444444444444,0.2222222222222222
0.45098039215686275,0.21568627450980393
0.45751633986928103,0.21568627450980393
0.46405228758169936,0.20915032679738563
0.47058823529411764,0.20915032679738563
0.477124183006536,0.20261437908496732
0.48366013071895425,0.20261437908496732
0.49019607843137253,0.19607843137254902
0.49119607843137253,0.0
1.0,0.0
