x_val,nn
0.0,1.0
0.006535947712418301,0.8496732026143791
0.013071895424836602,0.8431372549019608
0.0196078431372549,0.8366013071895425
0.026143790849673203,0.8300653594771242
0.0718954248366013,0.8300653594771242
0.0784313725490196,0.8235294117647058
0.08496732026143791,0.8169934640522876
0.0915032679738562,0.7973856209150327
0.09803921568627451,0.7908496732026143
0.9019607843137255,0.013071895424836602
0.9029607843137255,0.0
1.0,0.0
