x_val,nn
0.0,1.0
0.006535947712418301,0.9934640522875817
0.013071895424836602,0.9869281045751634
0.0196078431372549,0.9803921568627451
0.026143790849673203,0.9738562091503268
0.032679738562091505,0.9673202614379085
0.0392156862745098,0.9607843137254902
0.0784313725490196,0.9084967320261438
0.0915032679738562,0.8954248366013072
0.09803921568627451,0.8888888888888888
0.10457516339869281,0.8823529411764706
0.1111111111111111,0.8758169934640523
0.11764705882352941,0.869281045751634
0.12418300653594772,0.8627450980392157
0.13071895424836602,0.6666666666666666
0.13725490196078433,0.6601307189542484
0.1437908496732026,0.6535947712418301
0.1503267973856209,0.6470588235294118
0.1568627450980392,0.5816993464052288
0.16339869281045752,0.5751633986928104
0.16993464052287582,0.5686274509803921
0.17647058823529413,0.5620915032679739
0.1830065359477124,0.5555555555555556
0.1895424836601307,0.5490196078431373
0.19607843137254902,0.5490196078431373
0.20261437908496732,0.5424836601307189
0.20915032679738563,0.5359477124183006
0.21568627450980393,0.5163398692810458
0.2222222222222222,0.5098039215686274
0.22875816993464052,0.5032679738562091
0.23529411764705882,0.5032679738562091
0.24183006535947713,0.43790849673202614
0.3333333333333333,0.39215686274509803
0.33986928104575165,0.38562091503267976
0.3464052287581699,0.37254901960784315
0.35294117647058826,0.37254901960784315
0.35947712418300654,0.37254901960784315
0.3660130718954248,0.37254901960784315
0.37254901960784315,0.37254901960784315
0.3790849673202614,0.35294117647058826
0.38562091503267976,0.2222222222222222
0.39215686274509803,0.2222222222222222
0.39869281045751637,0.21568627450980393
0.40522875816993464,0.21568627450980393
0.5032679738562091,0.1830065359477124
0.5042679738562091,0.0
1.0,0.0
