x_val,nn
0.0,1.0
0.006535947712418301,0.9934640522875817
0.0718954248366013,0.9281045751633987
0.0784313725490196,0.9019607843137255
0.08496732026143791,0.8954248366013072
0.0915032679738562,0.8888888888888888
0.09803921568627451,0.8823529411764706
0.10457516339869281,0.8758169934640523
0.1111111111111111,0.869281045751634
0.11764705882352941,0.8627450980392157
0.12418300653594772,0.8562091503267973
0.13071895424836602,0.8496732026143791
0.13725490196078433,0.8366013071895425
0.1437908496732026,0.8300653594771242
0.1503267973856209,0.8235294117647058
0.1568627450980392,0.8169934640522876
0.16339869281045752,0.8104575163398693
0.16993464052287582,0.803921568627451
0.17647058823529413,0.7973856209150327
0.1830065359477124,0.7908496732026143
0.1895424836601307,0.7843137254901961
0.19607843137254902,0.7777777777777778
0.20261437908496732,0.7712418300653595
0.20915032679738563,0.7320261437908496
0.21568627450980393,0.7254901960784313
0.2222222222222222,0.7189542483660131
0.22875816993464052,0.7189542483660131
0.23529411764705882,0.6993464052287581
0.24183006535947713,0.6928104575163399
0.24836601307189543,0.6797385620915033
0.2549019607843137,0.5620915032679739
0.26143790849673204,0.5555555555555556
0.3202614379084967,0.3660130718954248
0.32679738562091504,0.3660130718954248
0.3333333333333333,0.35947712418300654
0.33986928104575165,0.35947712418300654
0.3464052287581699,0.35294117647058826
0.35294117647058826,0.35294117647058826
0.35947712418300654,0.27450980392156865
0.38562091503267976,0.27450980392156865
0.39215686274509803,0.27450980392156865
0.39869281045751637,0.20915032679738563
0.40522875816993464,0.20915032679738563
0.4117647058823529,0.20261437908496732
0.41830065359477125,0.20261437908496732
0.42483660130718953,0.19607843137254902
0.42583660130718953,0.0
1.0,0.0
