x_val,nn
0.0,1.0
0.006535947712418301,0.9934640522875817
0.058823529411764705,0.9411764705882353
0.06535947712418301,0.934640522875817
0.0718954248366013,0.9281045751633987
0.0784313725490196,0.9215686274509803
0.08496732026143791,0.8954248366013072
0.0915032679738562,0.8888888888888888
0.09803921568627451,0.8823529411764706
0.12418300653594772,0.8562091503267973
0.13071895424836602,0.8496732026143791
0.13725490196078433,0.8431372549019608
0.1437908496732026,0.8366013071895425
0.1503267973856209,0.8300653594771242
0.1568627450980392,0.8235294117647058
0.16339869281045752,0.8169934640522876
0.16993464052287582,0.5098039215686274
0.17647058823529413,0.5032679738562091
0.1830065359477124,0.5032679738562091
0.1895424836601307,0.49673202614379086
0.19607843137254902,0.49019607843137253
0.20261437908496732,0.49019607843137253
0.20915032679738563,0.48366013071895425
0.21568627450980393,0.48366013071895425
0.2222222222222222,0.477124183006536
0.22875816993464052,0.477124183006536
0.23529411764705882,0.477124183006536
0.24836601307189543,0.47058823529411764
0.2549019607843137,0.46405228758169936
0.26143790849673204,0.45751633986928103
0.2679738562091503,0.45751633986928103
0.27450980392156865,0.45098039215686275
0.28104575163398693,0.4444444444444444
0.2875816993464052,0.43790849673202614
0.29411764705882354,0.43790849673202614
0.3006535947712418,0.43790849673202614
0.39869281045751637,0.3464052287581699
0.40522875816993464,0.3464052287581699
0.4117647058823529,0.33986928104575165
0.41830065359477125,0.3333333333333333
0.42483660130718953,0.32679738562091504
0.43137254901960786,0.3202614379084967
0.43790849673202614,0.3202614379084967
0.4444444444444444,0.3137254901960784
0.45098039215686275,0.3137254901960784
0.45751633986928103,0.30718954248366015
0.46405228758169936,0.3006535947712418
0.47058823529411764,0.29411764705882354
0.477124183006536,0.2875816993464052
0.48366013071895425,0.2875816993464052
0.49019607843137253,0.2875816993464052
0.5228758169934641,0.20261437908496732
0.5294117647058824,0.16993464052287582
0.5304117647058824,0.0
1.0,0.0
