x_val,nn
0.0,1.0
0.006535947712418301,0.9934640522875817
0.013071895424836602,0.9869281045751634
0.0196078431372549,0.9803921568627451
0.026143790849673203,0.9738562091503268
0.032679738562091505,0.9673202614379085
0.0392156862745098,0.9607843137254902
0.0457516339869281,0.954248366013072
0.05228758169934641,0.9477124183006536
0.058823529411764705,0.9411764705882353
0.06535947712418301,0.8888888888888888
0.0718954248366013,0.8823529411764706
0.0784313725490196,0.8758169934640523
0.08496732026143791,0.8627450980392157
0.10457516339869281,0.8496732026143791
0.1111111111111111,0.8366013071895425
0.13725490196078433,0.8169934640522876
0.1437908496732026,0.8104575163398693
0.1503267973856209,0.803921568627451
0.1568627450980392,0.7647058823529411
0.16339869281045752,0.7647058823529411
0.16993464052287582,0.7581699346405228
0.20915032679738563,0.7581699346405228
0.21568627450980393,0.7516339869281046
0.2222222222222222,0.7450980392156863
0.22875816993464052,0.738562091503268
0.23529411764705882,0.7320261437908496
0.24183006535947713,0.7254901960784313
0.35294117647058826,0.5294117647058824
0.38562091503267976,0.5294117647058824
0.39215686274509803,0.5228758169934641
0.39869281045751637,0.5163398692810458
0.40522875816993464,0.49673202614379086
0.4117647058823529,0.49673202614379086
0.41830065359477125,0.49019607843137253
0.42483660130718953,0.48366013071895425
0.43137254901960786,0.477124183006536
0.43790849673202614,0.47058823529411764
0.4444444444444444,0.46405228758169936
0.5359477124183006,0.46405228758169936
0.5424836601307189,0.39215686274509803
0.5490196078431373,0.37254901960784315
0.5555555555555556,0.3660130718954248
0.6601307189542484,0.30718954248366015
0.6666666666666666,0.3006535947712418
0.673202614379085,0.29411764705882354
0.6797385620915033,0.2875816993464052
0.6862745098039216,0.17647058823529413
0.6872745098039216,0.0
1.0,0.0
