x_val,nn
0.0,1.0
0.006535947712418301,0.9869281045751634
0.013071895424836602,0.9803921568627451
0.0718954248366013,0.9281045751633987
0.0784313725490196,0.9215686274509803
0.08496732026143791,0.9150326797385621
0.0915032679738562,0.9084967320261438
0.09803921568627451,0.9019607843137255
0.10457516339869281,0.8954248366013072
0.1111111111111111,0.8823529411764706
0.11764705882352941,0.8758169934640523
0.12418300653594772,0.869281045751634
0.13071895424836602,0.8627450980392157
0.13725490196078433,0.8431372549019608
0.20261437908496732,0.7908496732026143
0.20915032679738563,0.7843137254901961
0.21568627450980393,0.7777777777777778
0.2222222222222222,0.7712418300653595
0.22875816993464052,0.7647058823529411
0.23529411764705882,0.7581699346405228
0.24183006535947713,0.7450980392156863
0.24836601307189543,0.7320261437908496
0.2549019607843137,0.7254901960784313
0.26143790849673204,0.7058823529411765
0.2679738562091503,0.6666666666666666
0.27450980392156865,0.6601307189542484
0.28104575163398693,0.6535947712418301
0.2875816993464052,0.6405228758169934
0.29411764705882354,0.6339869281045751
0.3006535947712418,0.6143790849673203
0.30718954248366015,0.5947712418300654
0.3137254901960784,0.5816993464052288
0.3202614379084967,0.5163398692810458
0.45098039215686275,0.48366013071895425
0.45751633986928103,0.4444444444444444
0.46405228758169936,0.43137254901960786
0.47058823529411764,0.41830065359477125
0.477124183006536,0.41830065359477125
0.48366013071895425,0.2222222222222222
0.49019607843137253,0.2222222222222222
0.49673202614379086,0.19607843137254902
0.49773202614379086,0.0
1.0,0.0
