x_val,nn
0.0,1.0
0.006535947712418301,0.9934640522875817
0.013071895424836602,0.9738562091503268
0.0196078431372549,0.9673202614379085
0.026143790849673203,0.9607843137254902
0.032679738562091505,0.9411764705882353
0.0392156862745098,0.934640522875817
0.0457516339869281,0.9215686274509803
0.05228758169934641,0.9150326797385621
0.058823529411764705,0.869281045751634
0.06535947712418301,0.8366013071895425
0.0718954248366013,0.803921568627451
0.0784313725490196,0.7777777777777778
0.16339869281045752,0.7712418300653595
0.16993464052287582,0.7647058823529411
0.17647058823529413,0.7581699346405228
0.1830065359477124,0.7320261437908496
0.1895424836601307,0.7254901960784313
0.19607843137254902,0.6405228758169934
0.20261437908496732,0.6274509803921569
0.20915032679738563,0.6209150326797386
0.21568627450980393,0.6143790849673203
0.3202614379084967,0.6078431372549019
0.32679738562091504,0.6013071895424836
0.3333333333333333,0.5424836601307189
0.33986928104575165,0.5359477124183006
0.3660130718954248,0.5294117647058824
0.37254901960784315,0.5228758169934641
0.3790849673202614,0.5098039215686274
0.38562091503267976,0.5032679738562091
0.39215686274509803,0.27450980392156865
0.39869281045751637,0.27450980392156865
0.4444444444444444,0.27450980392156865
0.45098039215686275,0.2679738562091503
0.45751633986928103,0.2549019607843137
0.46405228758169936,0.24836601307189543
0.47058823529411764,0.24836601307189543
0.477124183006536,0.24836601307189543
0.5098039215686274,0.24836601307189543
0.5163398692810458,0.1830065359477124
0.5173398692810458,0.0
1.0,0.0
