x_val,nn
0.0,1.0
0.023809523809523808,0.8333333333333334
0.047619047619047616,0.6904761904761905
0.42857142857142855,0.4523809523809524
0.4523809523809524,0.2619047619047619
0.47619047619047616,0.07142857142857142
0.47719047619047616,0.0
1.0,0.0
