x_val,nn
0.0,1.0
0.023809523809523808,0.8333333333333334
0.30952380952380953,0.6904761904761905
0.3333333333333333,0.4523809523809524
0.35714285714285715,0.2619047619047619
0.38095238095238093,0.07142857142857142
0.38195238095238093,0.0
1.0,0.0
