x_val,nn
0.0,1.0
0.023809523809523808,0.9761904761904762
0.047619047619047616,0.9047619047619048
0.19047619047619047,0.7619047619047619
0.21428571428571427,0.6904761904761905
0.23809523809523808,0.6428571428571429
0.2619047619047619,0.16666666666666666
0.2629047619047619,0.0
1.0,0.0
