x_val,nn
0.0,1.0
0.07142857142857142,0.8809523809523809
0.21428571428571427,0.7380952380952381
0.42857142857142855,0.5238095238095238
0.4523809523809524,0.047619047619047616
0.4533809523809524,0.0
1.0,0.0
