x_val,nn
0.0,1.0
0.023809523809523808,0.8571428571428571
0.047619047619047616,0.7142857142857143
0.07142857142857142,0.5238095238095238
0.09523809523809523,0.3333333333333333
0.11904761904761904,0.047619047619047616
0.12004761904761904,0.0
1.0,0.0
