x_val,nn
0.0,1.0
0.09523809523809523,0.8571428571428571
0.23809523809523808,0.7142857142857143
0.42857142857142855,0.5238095238095238
0.4523809523809524,0.047619047619047616
0.4533809523809524,0.0
1.0,0.0
