x_val,nn
0.0,1.0
0.09523809523809523,0.8571428571428571
0.2619047619047619,0.6904761904761905
0.2857142857142857,0.5238095238095238
0.30952380952380953,0.3333333333333333
0.3333333333333333,0.2619047619047619
0.35714285714285715,0.21428571428571427
0.38095238095238093,0.16666666666666666
0.38195238095238093,0.0
1.0,0.0
