x_val,nn
0.0,1.0
0.047619047619047616,0.9047619047619048
0.21428571428571427,0.7380952380952381
0.42857142857142855,0.5238095238095238
0.4523809523809524,0.3333333333333333
0.47619047619047616,0.047619047619047616
0.47719047619047616,0.0
1.0,0.0
