x_val,nn
0.0,1.0
0.09523809523809523,0.8571428571428571
0.11904761904761904,0.7142857142857143
0.14285714285714285,0.5238095238095238
0.16666666666666666,0.3333333333333333
0.19047619047619047,0.2619047619047619
0.21428571428571427,0.16666666666666666
0.21528571428571427,0.0
1.0,0.0
