x_val,nn
0.0,1.0
0.11904761904761904,0.8333333333333334
0.14285714285714285,0.6904761904761905
0.42857142857142855,0.5238095238095238
0.4523809523809524,0.3333333333333333
0.47619047619047616,0.2619047619047619
0.5,0.21428571428571427
0.5238095238095238,0.09523809523809523
0.5248095238095238,0.0
1.0,0.0
