x_val,nn
0.0,1.0
0.023809523809523808,0.8571428571428571
0.047619047619047616,0.6904761904761905
0.07142857142857142,0.5238095238095238
0.8809523809523809,0.047619047619047616
0.8819523809523809,0.0
1.0,0.0
