x_val,nn
0.0,1.0
0.023809523809523808,0.8809523809523809
0.8809523809523809,0.047619047619047616
0.8819523809523809,0.0
1.0,0.0
