x_val,nn
0.0,1.0
0.023809523809523808,0.8809523809523809
0.16666666666666666,0.7619047619047619
0.19047619047619047,0.5238095238095238
0.5952380952380952,0.3333333333333333
0.6190476190476191,0.23809523809523808
0.6428571428571429,0.19047619047619047
0.6438571428571429,0.0
1.0,0.0
