x_val,nn
0.0,1.0
0.023809523809523808,0.9047619047619048
0.21428571428571427,0.7380952380952381
0.23809523809523808,0.5238095238095238
0.2619047619047619,0.047619047619047616
0.2629047619047619,0.0
1.0,0.0
