x_val,nn
0.0,1.0
0.14285714285714285,0.8095238095238095
0.16666666666666666,0.6904761904761905
0.42857142857142855,0.5238095238095238
0.4523809523809524,0.3333333333333333
0.47619047619047616,0.23809523809523808
0.5,0.11904761904761904
0.501,0.0
1.0,0.0
