x_val,nn
0.0,1.0
0.023809523809523808,0.9523809523809523
0.047619047619047616,0.9047619047619048
0.07142857142857142,0.8333333333333334
0.16666666666666666,0.7857142857142857
0.19047619047619047,0.7619047619047619
0.21428571428571427,0.6666666666666666
0.9523809523809523,0.023809523809523808
0.9533809523809523,0.0
1.0,0.0
