x_val,nn
0.0,1.0
0.023809523809523808,0.8333333333333334
0.047619047619047616,0.6904761904761905
0.07142857142857142,0.4523809523809524
0.09523809523809523,0.2619047619047619
0.11904761904761904,0.11904761904761904
0.12004761904761904,0.0
1.0,0.0
