x_val,nn
0.0,1.0
0.16666666666666666,0.8333333333333334
0.30952380952380953,0.6904761904761905
0.47619047619047616,0.4523809523809524
0.5,0.07142857142857142
0.501,0.0
1.0,0.0
