x_val,nn
0.0,1.0
0.023809523809523808,0.9761904761904762
0.047619047619047616,0.9047619047619048
0.07142857142857142,0.8809523809523809
0.09523809523809523,0.8571428571428571
0.11904761904761904,0.8095238095238095
0.14285714285714285,0.7380952380952381
0.2857142857142857,0.6904761904761905
0.30952380952380953,0.2857142857142857
0.3333333333333333,0.23809523809523808
0.35714285714285715,0.23809523809523808
0.38095238095238093,0.11904761904761904
0.38195238095238093,0.0
1.0,0.0
