x_val,nn
0.0,1.0
0.023809523809523808,0.9761904761904762
0.047619047619047616,0.9523809523809523
0.07142857142857142,0.9285714285714286
0.09523809523809523,0.9047619047619048
0.11904761904761904,0.8809523809523809
0.14285714285714285,0.8571428571428571
0.16666666666666666,0.8095238095238095
0.5238095238095238,0.4523809523809524
0.9761904761904762,0.023809523809523808
0.9771904761904762,0.0
1.0,0.0
