x_val,nn
0.0,1.0
0.023809523809523808,0.9761904761904762
0.047619047619047616,0.9523809523809523
0.07142857142857142,0.9285714285714286
0.09523809523809523,0.9047619047619048
0.11904761904761904,0.8333333333333334
0.19047619047619047,0.8095238095238095
0.21428571428571427,0.5714285714285714
0.4523809523809524,0.5476190476190477
0.47619047619047616,0.40476190476190477
0.5,0.2857142857142857
0.5238095238095238,0.19047619047619047
0.5248095238095238,0.0
1.0,0.0
