x_val,nn
0.0,1.0
0.006711409395973154,0.9932885906040269
0.013422818791946308,0.8993288590604027
0.020134228187919462,0.8926174496644296
0.026845637583892617,0.8859060402684564
0.03355704697986577,0.8859060402684564
0.040268456375838924,0.8791946308724832
0.04697986577181208,0.8523489932885906
0.053691275167785234,0.8456375838926175
0.06040268456375839,0.8389261744966443
0.06711409395973154,0.825503355704698
0.0738255033557047,0.8187919463087249
0.08053691275167785,0.8120805369127517
0.087248322147651,0.8053691275167785
0.09395973154362416,0.5771812080536913
0.10067114093959731,0.5771812080536913
0.10738255033557047,0.5570469798657718
0.11409395973154363,0.5503355704697986
0.12080536912751678,0.5436241610738255
0.12751677852348994,0.5369127516778524
0.2483221476510067,0.5369127516778524
0.3624161073825503,0.5369127516778524
0.3691275167785235,0.5302013422818792
0.37583892617449666,0.5234899328859061
0.3825503355704698,0.5167785234899329
0.38926174496644295,0.4697986577181208
0.3959731543624161,0.4429530201342282
0.40268456375838924,0.42953020134228187
0.40939597315436244,0.4228187919463087
0.4161073825503356,0.4161073825503356
0.42953020134228187,0.40939597315436244
0.436241610738255,0.38926174496644295
0.4429530201342282,0.3825503355704698
0.44966442953020136,0.37583892617449666
0.4563758389261745,0.3691275167785235
0.4899328859060403,0.3691275167785235
0.5033557046979866,0.35570469798657717
0.5100671140939598,0.35570469798657717
0.5167785234899329,0.348993288590604
0.5234899328859061,0.28187919463087246
0.5302013422818792,0.2684563758389262
0.6040268456375839,0.2684563758389262
0.610738255033557,0.22818791946308725
0.6308724832214765,0.2214765100671141
0.6375838926174496,0.18791946308724833
0.6385838926174496,0.0
1.0,0.0
