x_val,nn
0.0,1.0
0.006711409395973154,0.9932885906040269
0.013422818791946308,0.9865771812080537
0.020134228187919462,0.9798657718120806
0.026845637583892617,0.9731543624161074
0.03355704697986577,0.9664429530201343
0.040268456375838924,0.959731543624161
0.04697986577181208,0.9530201342281879
0.053691275167785234,0.9463087248322147
0.06040268456375839,0.912751677852349
0.10067114093959731,0.8993288590604027
0.10738255033557047,0.8859060402684564
0.11409395973154363,0.87248322147651
0.1342281879194631,0.825503355704698
0.14093959731543623,0.8187919463087249
0.1476510067114094,0.8120805369127517
0.15436241610738255,0.8053691275167785
0.1610738255033557,0.8053691275167785
0.20134228187919462,0.7651006711409396
0.2080536912751678,0.7583892617449665
0.21476510067114093,0.7516778523489933
0.2214765100671141,0.7449664429530202
0.22818791946308725,0.738255033557047
0.2348993288590604,0.7315436241610739
0.24161073825503357,0.5436241610738255
0.2483221476510067,0.5369127516778524
0.2550335570469799,0.5369127516778524
0.26174496644295303,0.5302013422818792
0.2684563758389262,0.5234899328859061
0.2751677852348993,0.5234899328859061
0.28187919463087246,0.4563758389261745
0.28859060402684567,0.44966442953020136
0.3221476510067114,0.42953020134228187
0.3288590604026846,0.4228187919463087
0.33557046979865773,0.4228187919463087
0.3422818791946309,0.4161073825503356
0.348993288590604,0.40268456375838924
0.38926174496644295,0.28859060402684567
0.40268456375838924,0.1610738255033557
0.40368456375838924,0.0
1.0,0.0
