x_val,nn
0.0,1.0
0.006535947712418301,0.9869281045751634
0.013071895424836602,0.9803921568627451
0.0196078431372549,0.9738562091503268
0.026143790849673203,0.9673202614379085
0.032679738562091505,0.954248366013072
0.0392156862745098,0.9477124183006536
0.0457516339869281,0.9411764705882353
0.05228758169934641,0.934640522875817
0.058823529411764705,0.8954248366013072
0.06535947712418301,0.8888888888888888
0.0718954248366013,0.8823529411764706
0.0784313725490196,0.8758169934640523
0.08496732026143791,0.869281045751634
0.11764705882352941,0.8562091503267973
0.12418300653594772,0.8496732026143791
0.13071895424836602,0.6339869281045751
0.13725490196078433,0.6274509803921569
0.1437908496732026,0.6209150326797386
0.1503267973856209,0.6209150326797386
0.1568627450980392,0.6209150326797386
0.16339869281045752,0.6209150326797386
0.16993464052287582,0.5947712418300654
0.17647058823529413,0.5882352941176471
0.1830065359477124,0.5620915032679739
0.1895424836601307,0.5424836601307189
0.19607843137254902,0.5424836601307189
0.20261437908496732,0.5359477124183006
0.20915032679738563,0.5098039215686274
0.21568627450980393,0.49673202614379086
0.2222222222222222,0.49019607843137253
0.22875816993464052,0.48366013071895425
0.23529411764705882,0.48366013071895425
0.3006535947712418,0.477124183006536
0.30718954248366015,0.47058823529411764
0.3137254901960784,0.46405228758169936
0.3333333333333333,0.28104575163398693
0.33986928104575165,0.28104575163398693
0.3464052287581699,0.28104575163398693
0.35294117647058826,0.28104575163398693
0.35947712418300654,0.27450980392156865
0.3660130718954248,0.27450980392156865
0.37254901960784315,0.27450980392156865
0.3790849673202614,0.16339869281045752
0.3800849673202614,0.0
1.0,0.0
