x_val,nn
0.0,1.0
0.006535947712418301,0.9934640522875817
0.013071895424836602,0.9869281045751634
0.0196078431372549,0.9803921568627451
0.026143790849673203,0.9738562091503268
0.032679738562091505,0.9673202614379085
0.0392156862745098,0.9607843137254902
0.0457516339869281,0.954248366013072
0.05228758169934641,0.9477124183006536
0.058823529411764705,0.9084967320261438
0.09803921568627451,0.9019607843137255
0.10457516339869281,0.8627450980392157
0.1111111111111111,0.8562091503267973
0.11764705882352941,0.803921568627451
0.12418300653594772,0.7973856209150327
0.13071895424836602,0.7908496732026143
0.13725490196078433,0.6209150326797386
0.1437908496732026,0.5620915032679739
0.1503267973856209,0.5555555555555556
0.1568627450980392,0.5490196078431373
0.16339869281045752,0.26143790849673204
0.2679738562091503,0.26143790849673204
0.27450980392156865,0.24836601307189543
0.30718954248366015,0.24836601307189543
0.3137254901960784,0.24836601307189543
0.3202614379084967,0.24836601307189543
0.32679738562091504,0.24836601307189543
0.3333333333333333,0.24183006535947713
0.33986928104575165,0.23529411764705882
0.3464052287581699,0.23529411764705882
0.35294117647058826,0.22875816993464052
0.35947712418300654,0.22875816993464052
0.3660130718954248,0.21568627450980393
0.5228758169934641,0.21568627450980393
0.5294117647058824,0.20261437908496732
0.5359477124183006,0.20261437908496732
0.5424836601307189,0.19607843137254902
0.5434836601307189,0.0
1.0,0.0
