x_val,nn
0.0,1.0
0.006535947712418301,0.9934640522875817
0.09803921568627451,0.7843137254901961
0.10457516339869281,0.7777777777777778
0.16993464052287582,0.7124183006535948
0.17647058823529413,0.7058823529411765
0.1830065359477124,0.673202614379085
0.1895424836601307,0.5163398692810458
0.19607843137254902,0.5163398692810458
0.20261437908496732,0.5098039215686274
0.32679738562091504,0.5098039215686274
0.3333333333333333,0.5032679738562091
0.33986928104575165,0.49673202614379086
0.3464052287581699,0.49019607843137253
0.35294117647058826,0.49019607843137253
0.39869281045751637,0.39215686274509803
0.40522875816993464,0.38562091503267976
0.42483660130718953,0.3660130718954248
0.43137254901960786,0.3660130718954248
0.43790849673202614,0.35947712418300654
0.4444444444444444,0.35294117647058826
0.45098039215686275,0.32679738562091504
0.45751633986928103,0.3137254901960784
0.46405228758169936,0.27450980392156865
0.47058823529411764,0.2679738562091503
0.477124183006536,0.2549019607843137
0.5294117647058824,0.23529411764705882
0.5359477124183006,0.23529411764705882
0.5424836601307189,0.22875816993464052
0.5490196078431373,0.1437908496732026
0.5500196078431373,0.0
1.0,0.0
