x_val,nn
0.0,1.0
0.006535947712418301,0.9934640522875817
0.013071895424836602,0.9869281045751634
0.0196078431372549,0.9803921568627451
0.026143790849673203,0.9738562091503268
0.032679738562091505,0.9673202614379085
0.0392156862745098,0.9607843137254902
0.0457516339869281,0.9281045751633987
0.05228758169934641,0.9215686274509803
0.058823529411764705,0.9084967320261438
0.06535947712418301,0.8888888888888888
0.0718954248366013,0.8823529411764706
0.0784313725490196,0.8496732026143791
0.09803921568627451,0.8431372549019608
0.10457516339869281,0.8366013071895425
0.1111111111111111,0.8300653594771242
0.11764705882352941,0.8104575163398693
0.12418300653594772,0.7843137254901961
0.13071895424836602,0.6993464052287581
0.13725490196078433,0.6993464052287581
0.1437908496732026,0.6928104575163399
0.1503267973856209,0.6862745098039216
0.1895424836601307,0.6862745098039216
0.19607843137254902,0.673202614379085
0.20261437908496732,0.6666666666666666
0.20915032679738563,0.6535947712418301
0.21568627450980393,0.6470588235294118
0.29411764705882354,0.5816993464052288
0.3006535947712418,0.5816993464052288
0.3660130718954248,0.5751633986928104
0.37254901960784315,0.5620915032679739
0.3790849673202614,0.5555555555555556
0.38562091503267976,0.5294117647058824
0.41830065359477125,0.49019607843137253
0.42483660130718953,0.477124183006536
0.43137254901960786,0.477124183006536
0.43790849673202614,0.47058823529411764
0.4444444444444444,0.46405228758169936
0.45098039215686275,0.45751633986928103
0.46405228758169936,0.45098039215686275
0.47058823529411764,0.42483660130718953
0.477124183006536,0.41830065359477125
0.48366013071895425,0.38562091503267976
0.49019607843137253,0.3790849673202614
0.49673202614379086,0.33986928104575165
0.5032679738562091,0.33986928104575165
0.5947712418300654,0.3137254901960784
0.6013071895424836,0.30718954248366015
0.6209150326797386,0.30718954248366015
0.6274509803921569,0.29411764705882354
0.6339869281045751,0.2875816993464052
0.6405228758169934,0.27450980392156865
0.6470588235294118,0.23529411764705882
0.6535947712418301,0.22875816993464052
0.6862745098039216,0.22875816993464052
0.6928104575163399,0.2222222222222222
0.6993464052287581,0.19607843137254902
0.7003464052287581,0.0
1.0,0.0
