x_val,nn
0.0,1.0
0.006329113924050633,0.9936708860759493
0.012658227848101266,0.9873417721518988
0.0189873417721519,0.9810126582278481
0.02531645569620253,0.9746835443037974
0.03164556962025317,0.9683544303797469
0.0379746835443038,0.9620253164556962
0.04430379746835443,0.9556962025316456
0.05063291139240506,0.9493670886075949
0.056962025316455694,0.9430379746835443
0.06329113924050633,0.930379746835443
0.06962025316455696,0.9240506329113924
0.0759493670886076,0.9177215189873418
0.08860759493670886,0.9113924050632911
0.0949367088607595,0.9050632911392406
0.10126582278481013,0.8987341772151899
0.10759493670886076,0.8924050632911392
0.11392405063291139,0.8860759493670886
0.12025316455696203,0.8734177215189873
0.12658227848101267,0.8670886075949367
0.13291139240506328,0.8481012658227848
0.13924050632911392,0.8417721518987342
0.17088607594936708,0.8291139240506329
0.17721518987341772,0.8164556962025317
0.18354430379746836,0.810126582278481
0.189873417721519,0.7974683544303798
0.1962025316455696,0.7974683544303798
0.20253164556962025,0.7784810126582279
0.2088607594936709,0.7658227848101266
0.2468354430379747,0.7531645569620253
0.25316455696202533,0.740506329113924
0.25949367088607594,0.6962025316455697
0.26582278481012656,0.6962025316455697
0.2721518987341772,0.6772151898734177
0.27848101265822783,0.6518987341772152
0.2848101265822785,0.6518987341772152
0.2911392405063291,0.6329113924050633
0.2974683544303797,0.6329113924050633
0.3037974683544304,0.6329113924050633
0.310126582278481,0.6075949367088608
0.31645569620253167,0.5759493670886076
0.3987341772151899,0.5506329113924051
0.4050632911392405,0.5
0.41139240506329117,0.4430379746835443
0.5063291139240507,0.4430379746835443
0.5126582278481012,0.41139240506329117
0.5189873417721519,0.3860759493670886
0.5253164556962026,0.26582278481012656
0.5316455696202531,0.26582278481012656
0.5379746835443038,0.26582278481012656
0.5443037974683544,0.26582278481012656
0.5506329113924051,0.25316455696202533
0.5569620253164557,0.25316455696202533
0.5632911392405063,0.25316455696202533
0.569620253164557,0.24050632911392406
0.6582278481012658,0.24050632911392406
0.6645569620253164,0.24050632911392406
0.6708860759493671,0.24050632911392406
0.6772151898734177,0.21518987341772153
0.6835443037974683,0.21518987341772153
0.689873417721519,0.18354430379746836
0.690873417721519,0.0
1.0,0.0
