x_val,nn
0.0,1.0
0.005076142131979695,0.9949238578680203
0.01015228426395939,0.9898477157360406
0.015228426395939087,0.9847715736040609
0.02030456852791878,0.9796954314720813
0.025380710659898477,0.9746192893401016
0.030456852791878174,0.9695431472081218
0.03553299492385787,0.9644670050761421
0.04060913705583756,0.9593908629441624
0.04568527918781726,0.9543147208121827
0.050761421319796954,0.9441624365482234
0.05583756345177665,0.9390862944162437
0.06091370558375635,0.934010152284264
0.07106598984771574,0.8984771573604061
0.07614213197969544,0.8934010152284264
0.08121827411167512,0.7614213197969543
0.08629441624365482,0.7563451776649747
0.09137055837563451,0.5025380710659898
0.16243654822335024,0.5025380710659898
0.16751269035532995,0.49746192893401014
0.17258883248730963,0.49238578680203043
0.17766497461928935,0.4873096446700508
0.18274111675126903,0.48223350253807107
0.18781725888324874,0.48223350253807107
0.19289340101522842,0.48223350253807107
0.19796954314720813,0.47715736040609136
0.20304568527918782,0.4619289340101523
0.20812182741116753,0.4467005076142132
0.2131979695431472,0.4365482233502538
0.2182741116751269,0.4365482233502538
0.25888324873096447,0.43147208121827413
0.2639593908629442,0.39086294416243655
0.3096446700507614,0.38071065989847713
0.3147208121827411,0.38071065989847713
0.3197969543147208,0.38071065989847713
0.3248730964467005,0.38071065989847713
0.3299492385786802,0.38071065989847713
0.3350253807106599,0.3756345177664975
0.3401015228426396,0.3756345177664975
0.34517766497461927,0.3756345177664975
0.350253807106599,0.3756345177664975
0.3553299492385787,0.37055837563451777
0.3604060913705584,0.18781725888324874
0.3614060913705584,0.0
1.0,0.0
