x_val,nn
0.0,1.0
0.005076142131979695,0.9949238578680203
0.01015228426395939,0.9898477157360406
0.015228426395939087,0.9847715736040609
0.02030456852791878,0.9746192893401016
0.025380710659898477,0.9695431472081218
0.030456852791878174,0.9644670050761421
0.03553299492385787,0.9593908629441624
0.04060913705583756,0.9543147208121827
0.04568527918781726,0.949238578680203
0.05583756345177665,0.9441624365482234
0.06091370558375635,0.9390862944162437
0.06598984771573604,0.934010152284264
0.07106598984771574,0.9289340101522843
0.07614213197969544,0.9238578680203046
0.08121827411167512,0.9137055837563451
0.08629441624365482,0.9086294416243654
0.09137055837563451,0.8781725888324873
0.09644670050761421,0.8578680203045685
0.10152284263959391,0.8527918781725888
0.1065989847715736,0.8375634517766497
0.14213197969543148,0.8274111675126904
0.14720812182741116,0.7055837563451777
0.15228426395939088,0.6802030456852792
0.15736040609137056,0.5634517766497462
0.16243654822335024,0.5634517766497462
0.16751269035532995,0.5431472081218274
0.17258883248730963,0.5329949238578681
0.3401015228426396,0.5329949238578681
0.34517766497461927,0.5279187817258884
0.350253807106599,0.5279187817258884
0.3553299492385787,0.5228426395939086
0.3604060913705584,0.29949238578680204
0.37055837563451777,0.2893401015228426
0.3756345177664975,0.2436548223350254
0.38071065989847713,0.2436548223350254
0.38578680203045684,0.23857868020304568
0.39086294416243655,0.17766497461928935
0.39186294416243656,0.0
1.0,0.0
