x_val,nn
0.0,1.0
0.005076142131979695,0.9796954314720813
0.01015228426395939,0.9746192893401016
0.030456852791878174,0.9695431472081218
0.03553299492385787,0.9593908629441624
0.04060913705583756,0.934010152284264
0.04568527918781726,0.9289340101522843
0.050761421319796954,0.9238578680203046
0.05583756345177665,0.9187817258883249
0.06091370558375635,0.9137055837563451
0.06598984771573604,0.9086294416243654
0.07106598984771574,0.9035532994923858
0.07614213197969544,0.8578680203045685
0.08121827411167512,0.8527918781725888
0.08629441624365482,0.8477157360406091
0.09137055837563451,0.8426395939086294
0.09644670050761421,0.8274111675126904
0.10152284263959391,0.8274111675126904
0.1065989847715736,0.817258883248731
0.1116751269035533,0.817258883248731
0.116751269035533,0.8121827411167513
0.1218274111675127,0.7461928934010152
0.12690355329949238,0.7411167512690355
0.1319796954314721,0.7360406091370558
0.13705583756345177,0.7309644670050761
0.14213197969543148,0.7309644670050761
0.2436548223350254,0.6852791878172588
0.24873096446700507,0.6802030456852792
0.25380710659898476,0.6751269035532995
0.25888324873096447,0.6751269035532995
0.2639593908629442,0.6700507614213198
0.27918781725888325,0.6649746192893401
0.28426395939086296,0.649746192893401
0.29949238578680204,0.6446700507614214
0.30456852791878175,0.6395939086294417
0.3096446700507614,0.6345177664974619
0.3147208121827411,0.6243654822335025
0.3248730964467005,0.6243654822335025
0.3299492385786802,0.6192893401015228
0.3350253807106599,0.5939086294416244
0.3401015228426396,0.5888324873096447
0.34517766497461927,0.5583756345177665
0.3756345177664975,0.5583756345177665
0.38071065989847713,0.5431472081218274
0.38578680203045684,0.5380710659898477
0.39086294416243655,0.5329949238578681
0.39593908629441626,0.5228426395939086
0.4010152284263959,0.4213197969543147
0.40609137055837563,0.4213197969543147
0.41116751269035534,0.4213197969543147
0.41624365482233505,0.4213197969543147
0.4213197969543147,0.4213197969543147
0.4263959390862944,0.40609137055837563
0.43147208121827413,0.40609137055837563
0.4365482233502538,0.4010152284263959
0.4416243654822335,0.4010152284263959
0.4467005076142132,0.39086294416243655
0.48223350253807107,0.2436548223350254
0.4873096446700508,0.18274111675126903
0.4883096446700508,0.0
1.0,0.0
