x_val,nn
0.0,1.0
0.005076142131979695,0.9949238578680203
0.01015228426395939,0.9898477157360406
0.015228426395939087,0.9644670050761421
0.02030456852791878,0.9543147208121827
0.025380710659898477,0.9441624365482234
0.030456852791878174,0.9390862944162437
0.06598984771573604,0.934010152284264
0.07106598984771574,0.9289340101522843
0.07614213197969544,0.9137055837563451
0.08121827411167512,0.9035532994923858
0.08629441624365482,0.8984771573604061
0.09137055837563451,0.8883248730964467
0.09644670050761421,0.868020304568528
0.10152284263959391,0.8629441624365483
0.1065989847715736,0.8274111675126904
0.1116751269035533,0.8071065989847716
0.116751269035533,0.8020304568527918
0.20304568527918782,0.7969543147208121
0.20812182741116753,0.7918781725888325
0.2131979695431472,0.766497461928934
0.2182741116751269,0.7563451776649747
0.2233502538071066,0.7461928934010152
0.22842639593908629,0.7360406091370558
0.233502538071066,0.7309644670050761
0.27411167512690354,0.7258883248730964
0.27918781725888325,0.7208121827411168
0.28426395939086296,0.7157360406091371
0.2893401015228426,0.7106598984771574
0.29441624365482233,0.7055837563451777
0.29949238578680204,0.700507614213198
0.30456852791878175,0.6954314720812182
0.3096446700507614,0.6903553299492385
0.3147208121827411,0.6751269035532995
0.3197969543147208,0.6700507614213198
0.3248730964467005,0.6649746192893401
0.3299492385786802,0.6345177664974619
0.3350253807106599,0.6091370558375635
0.3401015228426396,0.6040609137055838
0.34517766497461927,0.5888324873096447
0.350253807106599,0.5736040609137056
0.3553299492385787,0.5634517766497462
0.3604060913705584,0.5583756345177665
0.36548223350253806,0.5532994923857868
0.37055837563451777,0.5482233502538071
0.3756345177664975,0.5431472081218274
0.38071065989847713,0.5431472081218274
0.38578680203045684,0.5380710659898477
0.43147208121827413,0.5279187817258884
0.4365482233502538,0.5228426395939086
0.4416243654822335,0.30456852791878175
0.4619289340101523,0.30456852791878175
0.467005076142132,0.20304568527918782
0.4720812182741117,0.20304568527918782
0.47715736040609136,0.20304568527918782
0.48223350253807107,0.19796954314720813
0.48323350253807107,0.0
1.0,0.0
