x_val,nn
0.0,1.0
0.005076142131979695,0.9949238578680203
0.01015228426395939,0.9898477157360406
0.015228426395939087,0.9695431472081218
0.02030456852791878,0.9593908629441624
0.025380710659898477,0.9543147208121827
0.030456852791878174,0.949238578680203
0.03553299492385787,0.9390862944162437
0.04060913705583756,0.934010152284264
0.04568527918781726,0.934010152284264
0.050761421319796954,0.9238578680203046
0.05583756345177665,0.9187817258883249
0.06091370558375635,0.9137055837563451
0.06598984771573604,0.9086294416243654
0.09137055837563451,0.9035532994923858
0.09644670050761421,0.8984771573604061
0.10152284263959391,0.8934010152284264
0.1065989847715736,0.8223350253807107
0.1116751269035533,0.7309644670050761
0.116751269035533,0.7309644670050761
0.1218274111675127,0.6345177664974619
0.12690355329949238,0.6345177664974619
0.1319796954314721,0.6294416243654822
0.13705583756345177,0.6243654822335025
0.3147208121827411,0.6142131979695431
0.3197969543147208,0.6091370558375635
0.3248730964467005,0.5989847715736041
0.3350253807106599,0.5939086294416244
0.3401015228426396,0.5888324873096447
0.34517766497461927,0.583756345177665
0.350253807106599,0.583756345177665
0.3553299492385787,0.5634517766497462
0.3604060913705584,0.5583756345177665
0.36548223350253806,0.5431472081218274
0.37055837563451777,0.5380710659898477
0.3756345177664975,0.49238578680203043
0.38071065989847713,0.4873096446700508
0.38578680203045684,0.47715736040609136
0.4619289340101523,0.4517766497461929
0.467005076142132,0.4517766497461929
0.4720812182741117,0.3553299492385787
0.49746192893401014,0.3299492385786802
0.5025380710659898,0.3299492385786802
0.5076142131979695,0.3248730964467005
0.5126903553299492,0.3248730964467005
0.5177664974619289,0.3197969543147208
0.5228426395939086,0.3147208121827411
0.5329949238578681,0.3147208121827411
0.5380710659898477,0.3147208121827411
0.5431472081218274,0.24873096446700507
0.5482233502538071,0.2436548223350254
0.6142131979695431,0.2436548223350254
0.6192893401015228,0.23857868020304568
0.6243654822335025,0.233502538071066
0.6294416243654822,0.22842639593908629
0.6345177664974619,0.2233502538071066
0.6395939086294417,0.20304568527918782
0.6649746192893401,0.19289340101522842
0.6659746192893401,0.0
1.0,0.0
