x_val,nn
0.0,1.0
0.005076142131979695,0.9949238578680203
0.01015228426395939,0.9898477157360406
0.015228426395939087,0.9847715736040609
0.02030456852791878,0.9796954314720813
0.025380710659898477,0.6852791878172588
0.030456852791878174,0.6802030456852792
0.03553299492385787,0.6751269035532995
0.04060913705583756,0.6700507614213198
0.04568527918781726,0.6700507614213198
0.050761421319796954,0.6345177664974619
0.05583756345177665,0.6243654822335025
0.06091370558375635,0.6142131979695431
0.06598984771573604,0.6091370558375635
0.07106598984771574,0.6040609137055838
0.1065989847715736,0.6040609137055838
0.1116751269035533,0.5989847715736041
0.116751269035533,0.5888324873096447
0.12690355329949238,0.5228426395939086
0.1319796954314721,0.5177664974619289
0.13705583756345177,0.5177664974619289
0.14213197969543148,0.5177664974619289
0.14720812182741116,0.5126903553299492
0.15228426395939088,0.5076142131979695
0.15736040609137056,0.5025380710659898
0.16243654822335024,0.49746192893401014
0.16751269035532995,0.49746192893401014
0.17258883248730963,0.49238578680203043
0.17766497461928935,0.4873096446700508
0.18274111675126903,0.48223350253807107
0.18781725888324874,0.47715736040609136
0.19289340101522842,0.467005076142132
0.19796954314720813,0.45685279187817257
0.24873096446700507,0.45685279187817257
0.25380710659898476,0.4467005076142132
0.26903553299492383,0.4467005076142132
0.27411167512690354,0.4467005076142132
0.34517766497461927,0.4467005076142132
0.350253807106599,0.4467005076142132
0.3553299492385787,0.4416243654822335
0.3604060913705584,0.4263959390862944
0.36548223350253806,0.4263959390862944
0.37055837563451777,0.4213197969543147
0.41116751269035534,0.4213197969543147
0.41624365482233505,0.2436548223350254
0.4213197969543147,0.2436548223350254
0.4263959390862944,0.23857868020304568
0.43147208121827413,0.23857868020304568
0.4365482233502538,0.2131979695431472
0.4416243654822335,0.20812182741116753
0.4467005076142132,0.20812182741116753
0.4517766497461929,0.20304568527918782
0.45685279187817257,0.19289340101522842
0.45785279187817257,0.0
1.0,0.0
