x_val,nn
0.0,1.0
0.005076142131979695,0.9847715736040609
0.01015228426395939,0.9796954314720813
0.015228426395939087,0.9441624365482234
0.02030456852791878,0.9390862944162437
0.04568527918781726,0.934010152284264
0.050761421319796954,0.9289340101522843
0.05583756345177665,0.9238578680203046
0.06091370558375635,0.9187817258883249
0.06598984771573604,0.9137055837563451
0.07106598984771574,0.9086294416243654
0.07614213197969544,0.8984771573604061
0.08121827411167512,0.8934010152284264
0.10152284263959391,0.8781725888324873
0.12690355329949238,0.8527918781725888
0.1319796954314721,0.8375634517766497
0.13705583756345177,0.8324873096446701
0.14213197969543148,0.8274111675126904
0.14720812182741116,0.8223350253807107
0.15228426395939088,0.817258883248731
0.15736040609137056,0.8121827411167513
0.16243654822335024,0.8071065989847716
0.16751269035532995,0.8020304568527918
0.17258883248730963,0.7817258883248731
0.17766497461928935,0.7766497461928934
0.18274111675126903,0.7715736040609137
0.18781725888324874,0.7461928934010152
0.19289340101522842,0.7309644670050761
0.19796954314720813,0.7258883248730964
0.20304568527918782,0.7157360406091371
0.20812182741116753,0.7106598984771574
0.2131979695431472,0.7055837563451777
0.2182741116751269,0.6954314720812182
0.27411167512690354,0.6903553299492385
0.29441624365482233,0.6700507614213198
0.29949238578680204,0.6598984771573604
0.30456852791878175,0.6548223350253807
0.3096446700507614,0.6395939086294417
0.3147208121827411,0.6345177664974619
0.3401015228426396,0.6243654822335025
0.34517766497461927,0.583756345177665
0.350253807106599,0.5786802030456852
0.3553299492385787,0.5736040609137056
0.3604060913705584,0.5583756345177665
0.36548223350253806,0.5431472081218274
0.37055837563451777,0.49238578680203043
0.3756345177664975,0.48223350253807107
0.49238578680203043,0.4365482233502538
0.49746192893401014,0.350253807106599
0.5025380710659898,0.3401015228426396
0.5076142131979695,0.3401015228426396
0.5431472081218274,0.3401015228426396
0.5482233502538071,0.3350253807106599
0.5532994923857868,0.3350253807106599
0.6548223350253807,0.23857868020304568
0.6598984771573604,0.233502538071066
0.6649746192893401,0.22842639593908629
0.6700507614213198,0.20304568527918782
0.6751269035532995,0.20304568527918782
0.6802030456852792,0.16243654822335024
0.6812030456852792,0.0
1.0,0.0
