x_val,nn
0.0,1.0
0.005076142131979695,0.9949238578680203
0.01015228426395939,0.9898477157360406
0.015228426395939087,0.9847715736040609
0.02030456852791878,0.9593908629441624
0.025380710659898477,0.9543147208121827
0.030456852791878174,0.9289340101522843
0.03553299492385787,0.9238578680203046
0.04060913705583756,0.9187817258883249
0.06598984771573604,0.9137055837563451
0.07106598984771574,0.7766497461928934
0.07614213197969544,0.7715736040609137
0.08121827411167512,0.766497461928934
0.08629441624365482,0.7614213197969543
0.09137055837563451,0.7563451776649747
0.09644670050761421,0.751269035532995
0.10152284263959391,0.7360406091370558
0.17766497461928935,0.6700507614213198
0.18274111675126903,0.6548223350253807
0.18781725888324874,0.649746192893401
0.19289340101522842,0.5939086294416244
0.19796954314720813,0.5939086294416244
0.20304568527918782,0.583756345177665
0.20812182741116753,0.5736040609137056
0.2131979695431472,0.5736040609137056
0.2182741116751269,0.5685279187817259
0.2233502538071066,0.5685279187817259
0.22842639593908629,0.5685279187817259
0.233502538071066,0.5380710659898477
0.23857868020304568,0.5329949238578681
0.2436548223350254,0.5076142131979695
0.24873096446700507,0.5025380710659898
0.25380710659898476,0.5025380710659898
0.25888324873096447,0.48223350253807107
0.2639593908629442,0.4720812182741117
0.26903553299492383,0.467005076142132
0.27411167512690354,0.39593908629441626
0.27918781725888325,0.39086294416243655
0.28426395939086296,0.39086294416243655
0.2893401015228426,0.39086294416243655
0.29441624365482233,0.38578680203045684
0.29949238578680204,0.38578680203045684
0.30456852791878175,0.37055837563451777
0.3096446700507614,0.36548223350253806
0.3147208121827411,0.3604060913705584
0.3197969543147208,0.29441624365482233
0.3248730964467005,0.29441624365482233
0.3299492385786802,0.2893401015228426
0.3350253807106599,0.2639593908629442
0.3401015228426396,0.2436548223350254
0.34517766497461927,0.2436548223350254
0.350253807106599,0.23857868020304568
0.4873096446700508,0.23857868020304568
0.49238578680203043,0.2233502538071066
0.49746192893401014,0.2233502538071066
0.5025380710659898,0.2182741116751269
0.5076142131979695,0.2182741116751269
0.5126903553299492,0.2131979695431472
0.5177664974619289,0.20304568527918782
0.5228426395939086,0.19796954314720813
0.5238426395939086,0.0
1.0,0.0
