x_val,nn
0.0,1.0
0.005076142131979695,0.8781725888324873
0.01015228426395939,0.868020304568528
0.015228426395939087,0.8629441624365483
0.02030456852791878,0.8578680203045685
0.025380710659898477,0.8527918781725888
0.030456852791878174,0.8477157360406091
0.03553299492385787,0.8426395939086294
0.04060913705583756,0.8375634517766497
0.04568527918781726,0.8324873096446701
0.06598984771573604,0.8324873096446701
0.07106598984771574,0.8223350253807107
0.07614213197969544,0.8121827411167513
0.08121827411167512,0.8071065989847716
0.08629441624365482,0.8020304568527918
0.09137055837563451,0.7969543147208121
0.09644670050761421,0.7918781725888325
0.10152284263959391,0.7868020304568528
0.1065989847715736,0.7715736040609137
0.1116751269035533,0.7614213197969543
0.116751269035533,0.7563451776649747
0.1218274111675127,0.751269035532995
0.12690355329949238,0.7309644670050761
0.1319796954314721,0.7055837563451777
0.13705583756345177,0.700507614213198
0.14213197969543148,0.700507614213198
0.20304568527918782,0.700507614213198
0.20812182741116753,0.6903553299492385
0.2131979695431472,0.6852791878172588
0.2182741116751269,0.6802030456852792
0.2233502538071066,0.6751269035532995
0.22842639593908629,0.6700507614213198
0.233502538071066,0.6649746192893401
0.23857868020304568,0.6598984771573604
0.24873096446700507,0.6598984771573604
0.25380710659898476,0.649746192893401
0.25888324873096447,0.6446700507614214
0.2639593908629442,0.6395939086294417
0.26903553299492383,0.6294416243654822
0.27411167512690354,0.6142131979695431
0.27918781725888325,0.6040609137055838
0.28426395939086296,0.5989847715736041
0.3147208121827411,0.5989847715736041
0.3197969543147208,0.5939086294416244
0.3248730964467005,0.5888324873096447
0.3299492385786802,0.583756345177665
0.3350253807106599,0.5786802030456852
0.9137055837563451,0.01015228426395939
0.9147055837563451,0.0
1.0,0.0
