x_val,nn
0.0,1.0
0.005076142131979695,0.8629441624365483
0.01015228426395939,0.8477157360406091
0.04568527918781726,0.8477157360406091
0.050761421319796954,0.8426395939086294
0.05583756345177665,0.8274111675126904
0.07106598984771574,0.8274111675126904
0.07614213197969544,0.8223350253807107
0.08121827411167512,0.817258883248731
0.08629441624365482,0.8020304568527918
0.09137055837563451,0.7969543147208121
0.09644670050761421,0.7918781725888325
0.10152284263959391,0.7868020304568528
0.1065989847715736,0.7817258883248731
0.1218274111675127,0.7817258883248731
0.12690355329949238,0.7817258883248731
0.1319796954314721,0.7766497461928934
0.13705583756345177,0.7715736040609137
0.14213197969543148,0.766497461928934
0.14720812182741116,0.7563451776649747
0.15736040609137056,0.7563451776649747
0.16243654822335024,0.751269035532995
0.16751269035532995,0.7461928934010152
0.17258883248730963,0.7411167512690355
0.17766497461928935,0.7360406091370558
0.18274111675126903,0.7309644670050761
0.18781725888324874,0.7157360406091371
0.19289340101522842,0.6954314720812182
0.19796954314720813,0.6903553299492385
0.20304568527918782,0.6852791878172588
0.20812182741116753,0.6751269035532995
0.2131979695431472,0.6700507614213198
0.2182741116751269,0.6598984771573604
0.2233502538071066,0.649746192893401
0.22842639593908629,0.6446700507614214
0.233502538071066,0.6395939086294417
0.23857868020304568,0.6243654822335025
0.2436548223350254,0.6192893401015228
0.29949238578680204,0.6192893401015228
0.30456852791878175,0.6142131979695431
0.3096446700507614,0.6091370558375635
0.3147208121827411,0.5989847715736041
0.9187817258883249,0.01015228426395939
0.9197817258883249,0.0
1.0,0.0
