x_val,nn
0.0,1.0
0.005076142131979695,0.9949238578680203
0.01015228426395939,0.9898477157360406
0.015228426395939087,0.9796954314720813
0.02030456852791878,0.9187817258883249
0.025380710659898477,0.9137055837563451
0.04568527918781726,0.8984771573604061
0.050761421319796954,0.8934010152284264
0.05583756345177665,0.8883248730964467
0.06091370558375635,0.883248730964467
0.06598984771573604,0.8781725888324873
0.07106598984771574,0.8730964467005076
0.07614213197969544,0.868020304568528
0.08121827411167512,0.7360406091370558
0.08629441624365482,0.7309644670050761
0.09137055837563451,0.7258883248730964
0.09644670050761421,0.7055837563451777
0.10152284263959391,0.700507614213198
0.1065989847715736,0.6954314720812182
0.1116751269035533,0.5786802030456852
0.116751269035533,0.5786802030456852
0.1218274111675127,0.5736040609137056
0.12690355329949238,0.5736040609137056
0.1319796954314721,0.5685279187817259
0.13705583756345177,0.5685279187817259
0.14213197969543148,0.5634517766497462
0.14720812182741116,0.5634517766497462
0.15228426395939088,0.5583756345177665
0.15736040609137056,0.5583756345177665
0.18274111675126903,0.5532994923857868
0.18781725888324874,0.5482233502538071
0.19289340101522842,0.4619289340101523
0.19796954314720813,0.45685279187817257
0.20304568527918782,0.4416243654822335
0.20812182741116753,0.43147208121827413
0.2131979695431472,0.4263959390862944
0.2182741116751269,0.4263959390862944
0.2233502538071066,0.4263959390862944
0.22842639593908629,0.4263959390862944
0.233502538071066,0.4263959390862944
0.23857868020304568,0.4263959390862944
0.2436548223350254,0.4213197969543147
0.24873096446700507,0.34517766497461927
0.25380710659898476,0.3401015228426396
0.25888324873096447,0.3401015228426396
0.2639593908629442,0.3248730964467005
0.26903553299492383,0.3248730964467005
0.27411167512690354,0.3197969543147208
0.27918781725888325,0.3147208121827411
0.28426395939086296,0.3096446700507614
0.3401015228426396,0.3096446700507614
0.34517766497461927,0.26903553299492383
0.350253807106599,0.2182741116751269
0.3553299492385787,0.2182741116751269
0.3604060913705584,0.20304568527918782
0.36548223350253806,0.20304568527918782
0.37055837563451777,0.19289340101522842
0.37155837563451777,0.0
1.0,0.0
