x_val,nn
0.0,1.0
0.005076142131979695,0.9949238578680203
0.01015228426395939,0.9898477157360406
0.015228426395939087,0.9847715736040609
0.02030456852791878,0.9695431472081218
0.025380710659898477,0.9644670050761421
0.030456852791878174,0.9593908629441624
0.03553299492385787,0.9543147208121827
0.04060913705583756,0.8274111675126904
0.05583756345177665,0.8223350253807107
0.06091370558375635,0.7157360406091371
0.06598984771573604,0.7106598984771574
0.07106598984771574,0.6903553299492385
0.07614213197969544,0.6802030456852792
0.08121827411167512,0.6802030456852792
0.08629441624365482,0.6802030456852792
0.09137055837563451,0.6751269035532995
0.09644670050761421,0.6700507614213198
0.10152284263959391,0.6700507614213198
0.1065989847715736,0.6700507614213198
0.1116751269035533,0.6700507614213198
0.116751269035533,0.6649746192893401
0.1218274111675127,0.6649746192893401
0.12690355329949238,0.6598984771573604
0.22842639593908629,0.583756345177665
0.233502538071066,0.583756345177665
0.23857868020304568,0.5786802030456852
0.2436548223350254,0.5736040609137056
0.24873096446700507,0.5685279187817259
0.25380710659898476,0.5634517766497462
0.28426395939086296,0.5634517766497462
0.3147208121827411,0.5329949238578681
0.3197969543147208,0.5228426395939086
0.3248730964467005,0.5177664974619289
0.3299492385786802,0.5177664974619289
0.3350253807106599,0.5126903553299492
0.3401015228426396,0.5076142131979695
0.3553299492385787,0.5076142131979695
0.3604060913705584,0.4619289340101523
0.36548223350253806,0.45685279187817257
0.37055837563451777,0.4517766497461929
0.4263959390862944,0.4517766497461929
0.43147208121827413,0.4517766497461929
0.4365482233502538,0.4416243654822335
0.4416243654822335,0.4365482233502538
0.4467005076142132,0.43147208121827413
0.4517766497461929,0.4263959390862944
0.45685279187817257,0.4213197969543147
0.4619289340101523,0.41624365482233505
0.4873096446700508,0.4010152284263959
0.49238578680203043,0.28426395939086296
0.49746192893401014,0.27918781725888325
0.5025380710659898,0.27918781725888325
0.5431472081218274,0.2639593908629442
0.5482233502538071,0.25888324873096447
0.5532994923857868,0.24873096446700507
0.5583756345177665,0.2436548223350254
0.5634517766497462,0.23857868020304568
0.5685279187817259,0.23857868020304568
0.5736040609137056,0.22842639593908629
0.5786802030456852,0.18274111675126903
0.5796802030456852,0.0
1.0,0.0
