x_val,nn
0.0,1.0
0.005076142131979695,0.9949238578680203
0.01015228426395939,0.9847715736040609
0.015228426395939087,0.9796954314720813
0.02030456852791878,0.9746192893401016
0.025380710659898477,0.9441624365482234
0.030456852791878174,0.9390862944162437
0.03553299492385787,0.934010152284264
0.04060913705583756,0.9238578680203046
0.04568527918781726,0.9187817258883249
0.07106598984771574,0.9035532994923858
0.07614213197969544,0.8984771573604061
0.08121827411167512,0.8934010152284264
0.08629441624365482,0.8883248730964467
0.09137055837563451,0.883248730964467
0.09644670050761421,0.8781725888324873
0.10152284263959391,0.8730964467005076
0.1065989847715736,0.868020304568528
0.1116751269035533,0.8629441624365483
0.116751269035533,0.8578680203045685
0.1218274111675127,0.8527918781725888
0.12690355329949238,0.8477157360406091
0.14213197969543148,0.8324873096446701
0.14720812182741116,0.8274111675126904
0.15228426395939088,0.8223350253807107
0.15736040609137056,0.817258883248731
0.16243654822335024,0.8121827411167513
0.16751269035532995,0.8071065989847716
0.17258883248730963,0.8020304568527918
0.17766497461928935,0.7969543147208121
0.18274111675126903,0.6142131979695431
0.20812182741116753,0.5939086294416244
0.2436548223350254,0.5583756345177665
0.24873096446700507,0.5279187817258884
0.25380710659898476,0.5279187817258884
0.29441624365482233,0.5126903553299492
0.29949238578680204,0.4873096446700508
0.3248730964467005,0.4619289340101523
0.3299492385786802,0.3604060913705584
0.3350253807106599,0.3604060913705584
0.3401015228426396,0.3553299492385787
0.34517766497461927,0.2639593908629442
0.350253807106599,0.2639593908629442
0.3553299492385787,0.25888324873096447
0.4517766497461929,0.25888324873096447
0.45685279187817257,0.25380710659898476
0.4619289340101523,0.25380710659898476
0.467005076142132,0.2182741116751269
0.4720812182741117,0.2131979695431472
0.47715736040609136,0.2131979695431472
0.5532994923857868,0.2131979695431472
0.5634517766497462,0.17258883248730963
0.5644517766497462,0.0
1.0,0.0
