x_val,nn
0.0,1.0
0.015228426395939087,0.9847715736040609
0.02030456852791878,0.9796954314720813
0.025380710659898477,0.9746192893401016
0.04568527918781726,0.9543147208121827
0.050761421319796954,0.9441624365482234
0.05583756345177665,0.883248730964467
0.06091370558375635,0.8781725888324873
0.06598984771573604,0.8730964467005076
0.07106598984771574,0.868020304568528
0.07614213197969544,0.8629441624365483
0.08121827411167512,0.8578680203045685
0.116751269035533,0.8274111675126904
0.1218274111675127,0.8223350253807107
0.12690355329949238,0.8121827411167513
0.1319796954314721,0.8071065989847716
0.13705583756345177,0.7766497461928934
0.14213197969543148,0.7614213197969543
0.14720812182741116,0.6954314720812182
0.15228426395939088,0.6852791878172588
0.15736040609137056,0.6852791878172588
0.16243654822335024,0.6802030456852792
0.16751269035532995,0.6649746192893401
0.17258883248730963,0.6548223350253807
0.17766497461928935,0.6446700507614214
0.18274111675126903,0.6395939086294417
0.18781725888324874,0.6345177664974619
0.19289340101522842,0.6294416243654822
0.19796954314720813,0.6294416243654822
0.20304568527918782,0.6243654822335025
0.20812182741116753,0.6142131979695431
0.2131979695431472,0.3604060913705584
0.2182741116751269,0.3553299492385787
0.2233502538071066,0.350253807106599
0.22842639593908629,0.350253807106599
0.233502538071066,0.34517766497461927
0.23857868020304568,0.34517766497461927
0.3147208121827411,0.34517766497461927
0.3197969543147208,0.34517766497461927
0.3248730964467005,0.19289340101522842
0.3258730964467005,0.0
1.0,0.0
